,Answer
dubbi,True
corra,True
litro,True
sparo,True
carta,True
nasce,True
punti,True
rasoi,True
muffa,True
ritmi,True
lorde,True
carne,True
snodi,True
borie,True
calco,True
crepe,True
eredi,True
tosai,True
sugli,True
disto,True
dirmi,True
nuovo,True
mandi,True
giace,True
odino,True
zolfo,True
umana,True
scali,True
farne,True
dogma,True
rompa,True
arida,True
ressa,True
puzzi,True
vuole,True
pigro,True
fogne,True
panno,True
gioco,True
rozza,True
porge,True
linfa,True
zinco,True
regia,True
acino,True
dighe,True
stelo,True
bacio,True
balsa,True
leghe,True
omega,True
nonio,True
conca,True
talea,True
gambo,True
sella,True
afona,True
prono,True
tremo,True
mallo,True
piuma,True
gradi,True
aglio,True
fulva,True
dieta,True
fioca,True
zuppa,True
nanna,True
epoca,True
greve,True
motto,True
tassa,True
pochi,True
folle,True
rocca,True
iodio,True
cargo,True
girai,True
tenni,True
gnosi,True
mambo,True
bachi,True
omero,True
mitra,True
conga,True
corna,True
farsa,True
dorma,True
denso,True
mania,True
miele,True
mille,True
cicca,True
falce,True
frigo,True
bande,True
serro,True
vista,True
rutto,True
sfila,True
sesso,True
sasso,True
servi,True
astio,True
porre,True
prude,True
torme,True
sansa,True
faina,True
netto,True
conte,True
secca,True
conto,True
garza,True
ditta,True
brina,True
madre,True
forum,True
sudai,True
boato,True
culto,True
spago,True
curai,True
badai,True
roghi,True
bieco,True
lanci,True
ovvio,True
bitta,True
obesi,True
cavai,True
massa,True
ruota,True
lerci,True
penna,True
tacco,True
natia,True
togli,True
vinti,True
mogio,True
scala,True
ampio,True
lembo,True
onice,True
nomea,True
stare,True
giogo,True
rughe,True
retro,True
audio,True
rissa,True
offro,True
pecca,True
testa,True
turbe,True
gonna,True
aroma,True
ruolo,True
rebbi,True
tanfo,True
tarme,True
borgo,True
ragno,True
tetto,True
tenia,True
piano,True
copia,True
torce,True
orafe,True
spera,True
cucio,True
viola,True
sacre,True
muovi,True
crisi,True
muoio,True
liana,True
curva,True
tolda,True
bugie,True
bidet,True
bozza,True
altra,True
parco,True
salmo,True
eroso,True
fetta,True
spine,True
libro,True
buffa,True
sorci,True
sonno,True
cosmo,True
laghi,True
solfa,True
sappi,True
pugni,True
adori,True
mangi,True
sopra,True
borsa,True
verga,True
seppi,True
pegni,True
avari,True
azoto,True
nevai,True
avolo,True
peplo,True
sorso,True
turno,True
ostia,True
fauci,True
secco,True
avito,True
amaro,True
patta,True
zoppo,True
upupa,True
nervi,True
pista,True
freno,True
salsa,True
lince,True
tozza,True
vacuo,True
idolo,True
mango,True
lombi,True
mucca,True
bosco,True
blesa,True
nylon,True
sabba,True
monca,True
fitto,True
palmo,True
dimmi,True
peana,True
casba,True
ogiva,True
cauto,True
viale,True
opino,True
doghe,True
rogge,True
carte,True
zeppa,True
forca,True
verbo,True
prove,True
cedro,True
ulivo,True
acuti,True
larva,True
feudo,True
ceduo,True
agave,True
piaga,True
brame,True
nonna,True
golfo,True
negai,True
aceto,True
esito,True
palla,True
scavo,True
marca,True
cloro,True
orata,True
esile,True
sorge,True
abbai,True
bizze,True
spola,True
sputo,True
polio,True
legno,True
amici,True
ebete,True
dazio,True
sinti,True
bacca,True
torre,True
entra,True
zebra,True
asino,True
relax,True
antro,True
cadde,True
masai,True
cucce,True
beghe,True
tonti,True
nuoto,True
sedia,True
cirri,True
alice,True
rumba,True
patio,True
lizza,True
frate,True
udito,True
balia,True
curry,True
fatto,True
cenci,True
zonzo,True
pecco,True
dieci,True
urina,True
manzo,True
notai,True
terzo,True
gotta,True
bollo,True
arabi,True
succo,True
cenno,True
spada,True
poggi,True
scure,True
coevo,True
alveo,True
tacca,True
avere,True
mosca,True
nenia,True
vasca,True
manca,True
ancia,True
barai,True
anche,True
furia,True
invio,True
univa,True
viole,True
aiuto,True
bocce,True
pezzo,True
salma,True
prole,True
baule,True
epuro,True
losco,True
vasto,True
occhi,True
sacco,True
voghi,True
collo,True
totem,True
avvio,True
volai,True
canoa,True
festa,True
purga,True
nuora,True
orgia,True
zucca,True
fiabe,True
seggi,True
germe,True
doppi,True
ceffo,True
gamma,True
pesce,True
cetra,True
villa,True
piace,True
vello,True
marna,True
cesio,True
setta,True
fuori,True
brace,True
modem,True
cippo,True
talpa,True
ambra,True
lisca,True
pareo,True
mogli,True
varie,True
cella,True
diade,True
bisca,True
radio,True
udiva,True
bruno,True
niveo,True
prora,True
china,True
abusa,True
ricco,True
cocci,True
coesa,True
stesa,True
utero,True
asola,True
ninja,True
metto,True
cozzo,True
sfizi,True
tetro,True
serbo,True
reame,True
porci,True
zirlo,True
visto,True
fummo,True
trama,True
cielo,True
campa,True
reato,True
polpa,True
etnea,True
fiuto,True
laico,True
gamba,True
ciuco,True
carme,True
norme,True
nerbo,True
acume,True
colon,True
primo,True
gente,True
terme,True
tedio,True
pizza,True
aerea,True
orari,True
bazza,True
grana,True
cesso,True
scopa,True
acqua,True
morsa,True
cocco,True
volpe,True
ernia,True
stiro,True
retto,True
sunto,True
posso,True
certa,True
puffi,True
aprii,True
drupa,True
otite,True
renna,True
fallo,True
taiga,True
capii,True
siepe,True
marce,True
siero,True
usato,True
album,True
volto,True
basta,True
fanno,True
siamo,True
perno,True
farro,True
grama,True
emoji,True
magro,True
dalia,True
mesta,True
ridda,True
passi,True
curia,True
annuo,True
tappo,True
vuoti,True
pigio,True
balle,True
abbia,True
desco,True
eremo,True
fusto,True
slogo,True
ebreo,True
grafo,True
valgo,True
fondo,True
miope,True
venia,True
colpe,True
zompo,True
casse,True
terga,True
cenge,True
onore,True
fesso,True
ovale,True
pende,True
tosse,True
zuffa,True
sughi,True
eludo,True
agape,True
costa,True
tasto,True
bocca,True
marzo,True
tende,True
banca,True
fungo,True
bagno,True
fiero,True
clava,True
pensa,True
azero,True
domai,True
mezzo,True
svelo,True
canto,True
mecca,True
diari,True
ghiro,True
gocce,True
colai,True
recai,True
espio,True
punge,True
pongo,True
bruti,True
frase,True
vulva,True
fiera,True
corpo,True
vanga,True
lieta,True
smise,True
fogli,True
amala,True
beone,True
scolo,True
pollo,True
cunei,True
rodeo,True
mossa,True
quasi,True
sanno,True
fresa,True
goffe,True
merlo,True
verza,True
sobri,True
robot,True
sagra,True
fuoco,True
abaco,True
utile,True
preda,True
colza,True
fichi,True
nuche,True
rebus,True
svago,True
liceo,True
donna,True
petto,True
opera,True
tonfo,True
setto,True
cachi,True
tuono,True
panne,True
quale,True
tocca,True
galea,True
baffi,True
lenza,True
tizio,True
covai,True
tenda,True
eroga,True
sorbo,True
jeans,True
afoso,True
beato,True
mosto,True
stola,True
detto,True
punta,True
posai,True
umile,True
spore,True
arpie,True
budda,True
corda,True
treno,True
lotta,True
cinta,True
gergo,True
lardo,True
grida,True
poema,True
luogo,True
fiato,True
vinai,True
bongo,True
furba,True
sport,True
pinta,True
crema,True
frode,True
trono,True
clero,True
mozzi,True
dolce,True
turco,True
ordii,True
venti,True
tanto,True
ovini,True
colla,True
conio,True
vocio,True
ansia,True
bolla,True
zolla,True
serpe,True
nuoce,True
ruppe,True
prode,True
latte,True
ossia,True
regno,True
fatuo,True
teche,True
corvi,True
righe,True
posta,True
anelo,True
casta,True
falso,True
emana,True
milza,True
extra,True
morbo,True
cuore,True
cosca,True
faggi,True
solco,True
grigi,True
pinne,True
suino,True
astro,True
volge,True
asilo,True
multa,True
rione,True
balzo,True
forza,True
frasi,True
torso,True
pulsa,True
anice,True
ronfa,True
trito,True
belva,True
trota,True
animo,True
ormai,True
bario,True
busta,True
dardo,True
esche,True
vendo,True
litio,True
sigla,True
cigli,True
panda,True
sommo,True
colse,True
vetta,True
lecci,True
baldo,True
alone,True
rullo,True
pruno,True
reale,True
draga,True
drone,True
ovile,True
oblio,True
pelle,True
bulbo,True
clone,True
tappe,True
firma,True
sogno,True
sigma,True
sisma,True
fonte,True
diodo,True
grumo,True
birra,True
lasci,True
sceso,True
pelli,True
parve,True
dicco,True
tango,True
parte,True
busti,True
elogi,True
paura,True
negli,True
gechi,True
ebbro,True
buchi,True
pulce,True
etimo,True
bello,True
morso,True
barra,True
gomma,True
pazzi,True
vinco,True
duole,True
usano,True
breve,True
selci,True
penne,True
canna,True
berlo,True
fosco,True
cesta,True
senno,True
nause,True
cervo,True
messa,True
daino,True
vaghe,True
cecio,True
drago,True
umida,True
etnia,True
spuma,True
piega,True
micio,True
opaco,True
vibra,True
tilde,True
ossea,True
rauca,True
falco,True
cifra,True
studi,True
tomba,True
ratto,True
carpa,True
barca,True
rocce,True
sturo,True
folla,True
bruco,True
targa,True
molla,True
ballo,True
tagli,True
bruci,True
benda,True
malga,True
aduso,True
ubbia,True
vasai,True
rango,True
oneri,True
clima,True
pizzo,True
selva,True
carro,True
croda,True
velai,True
cosce,True
ceppo,True
brano,True
usare,True
scemi,True
tarso,True
evoco,True
agito,True
pozza,True
gobba,True
legge,True
vieto,True
desio,True
belga,True
adagi,True
zanne,True
denti,True
lacca,True
olive,True
vegli,True
facce,True
atrio,True
coppa,True
pesto,True
fante,True
parti,True
volta,True
poppa,True
disfa,True
crasi,True
bivio,True
pance,True
cerco,True
celti,True
nafta,True
alcol,True
abile,True
reggo,True
emulo,True
avuto,True
fosse,True
alibi,True
ombra,True
cameo,True
pioli,True
copri,True
stima,True
corsa,True
estro,True
lucci,True
greco,True
funge,True
piena,True
tigli,True
burro,True
gatto,True
razzo,True
faida,True
tosta,True
lucro,True
banco,True
aureo,True
bullo,True
vermi,True
censo,True
lutto,True
ilare,True
utili,True
melma,True
tibia,True
bisce,True
colta,True
umori,True
celia,True
cromo,True
cespo,True
cacio,True
cappa,True
badia,True
malta,True
parlo,True
nappa,True
passa,True
salve,True
teppa,True
frana,True
ponte,True
letto,True
etica,True
sonda,True
lista,True
serra,True
palle,True
bazar,True
paria,True
lusso,True
crepi,True
cobra,True
pesco,True
ferro,True
corte,True
fisco,True
baita,True
polpo,True
calca,True
stufo,True
scova,True
butta,True
campo,True
epica,True
tigna,True
trave,True
fasce,True
quota,True
causa,True
imita,True
porro,True
forra,True
pigli,True
lonza,True
avrai,True
suono,True
sozza,True
lesso,True
premi,True
merce,True
museo,True
hanno,True
calai,True
amaca,True
uggia,True
sento,True
volle,True
gelso,True
anodo,True
pigna,True
legai,True
svito,True
docce,True
sosta,True
rampa,True
gesti,True
perso,True
coffa,True
mughi,True
bioma,True
nesso,True
soldi,True
preso,True
glifo,True
lenta,True
sesto,True
gigli,True
hotel,True
bardo,True
archi,True
tallo,True
nocca,True
sodio,True
fibra,True
ugola,True
morti,True
mirto,True
erica,True
testo,True
ninfa,True
mazza,True
alate,True
oziai,True
lesta,True
basso,True
piada,True
ardua,True
slego,True
mappa,True
bucce,True
vieni,True
grano,True
culla,True
zitti,True
oppio,True
tarlo,True
fiume,True
rotta,True
degna,True
scafo,True
fango,True
tinta,True
carie,True
arare,True
carso,True
bordi,True
rupia,True
odore,True
prete,True
udire,True
colpi,True
magma,True
presa,True
omone,True
segno,True
sarti,True
cenai,True
salpo,True
oltre,True
duchi,True
genio,True
forse,True
abate,True
fiala,True
cacao,True
perla,True
pinza,True
rubai,True
pelai,True
ritto,True
vespa,True
ruzzo,True
aspri,True
amavo,True
bimba,True
adito,True
felpa,True
palma,True
croce,True
morda,True
etere,True
maghi,True
porta,True
cento,True
esame,True
ligio,True
fughe,True
icona,True
piede,True
unico,True
grata,True
passo,True
apice,True
conci,True
giuro,True
forma,True
limbo,True
fossa,True
zecca,True
colmo,True
forte,True
costi,True
masso,True
mensa,True
casco,True
liuto,True
afidi,True
leggo,True
torve,True
raggi,True
porto,True
cruda,True
lecca,True
gesso,True
visse,True
samba,True
etano,True
bambu,True
cozze,True
oliai,True
palio,True
orcio,True
media,True
lunga,True
linea,True
orchi,True
tesse,True
sfuso,True
guado,True
stona,True
metro,True
tulle,True
toppa,True
acero,True
rospo,True
foibe,True
pesca,True
blusa,True
alghe,True
usura,True
cheta,True
adipe,True
vanno,True
frega,True
prima,True
basco,True
riuso,True
edema,True
finto,True
chela,True
tarpo,True
tardi,True
vento,True
vetro,True
fermo,True
panna,True
sette,True
becco,True
barba,True
calze,True
sotto,True
zaino,True
croco,True
tempo,True
vezzo,True
foche,True
spiga,True
ameni,True
egizi,True
sbuca,True
stile,True
circa,True
cisti,True
sarde,True
prato,True
marea,True
aneto,True
lepri,True
mafia,True
solai,True
tasca,True
zeppo,True
versi,True
manna,True
perde,True
clown,True
annoi,True
calli,True
pacca,True
citai,True
calci,True
lacci,True
tirai,True
ferie,True
rosea,True
evaso,True
avido,True
elica,True
vizio,True
siedi,True
dossi,True
colui,True
parto,True
cagna,True
cuoca,True
amato,True
fammi,True
capra,True
arnia,True
tordo,True
saghe,True
video,True
risma,True
suore,True
santa,True
soffi,True
fauna,True
fobia,True
tatto,True
isola,True
babbo,True
penai,True
celai,True
evita,True
muone,True
legna,True
vizzo,True
nassa,True
esule,True
bigia,True
molti,True
curda,True
paese,True
esoso,True
paggi,True
trino,True
finge,True
erigo,True
sfida,True
fremo,True
pieve,True
atomo,True
erano,True
inizi,True
osare,True
soave,True
linda,True
tecno,True
peste,True
gusci,True
cuoio,True
raspa,True
tersa,True
vacca,True
manto,True
danza,True
guida,True
mosci,True
efebo,True
ruspa,True
circo,True
regio,True
suola,True
gogna,True
lemma,True
scudo,True
poeta,True
errai,True
alito,True
bieta,True
valle,True
duale,True
misto,True
russo,True
folto,True
colma,True
briga,True
pampa,True
biada,True
venga,True
ricci,True
batte,True
elevo,True
meteo,True
agire,True
ratti,True
schwa,True
lieve,True
parso,True
nutre,True
senza,True
lagna,True
stato,True
tasso,True
berci,True
sidro,True
creta,True
razza,True
crani,True
marmo,True
stiva,True
padre,True
bravi,True
croma,True
busso,True
suolo,True
obolo,True
corso,True
verde,True
droga,True
tutte,True
teste,True
sarei,True
gonfi,True
vitto,True
sorto,True
ostro,True
torta,True
rombo,True
gemma,True
addio,True
fieno,True
spesa,True
ganci,True
obice,True
prego,True
seguo,True
terra,True
cinse,True
pasto,True
resto,True
tonda,True
buono,True
probo,True
emiro,True
aorta,True
remai,True
seghe,True
fumai,True
pinna,True
disco,True
mamma,True
umore,True
laser,True
rubli,True
educa,True
andai,True
cruna,True
rossa,True
calva,True
leone,True
cassa,True
posto,True
figli,True
botti,True
agile,True
abito,True
lotti,True
sposi,True
trova,True
slavi,True
palco,True
vispa,True
sfera,True
ciclo,True
tento,True
sciai,True
senso,True
sazio,True
polso,True
foste,True
ovaia,True
alzai,True
ascia,True
optai,True
magia,True
ebano,True
marre,True
scade,True
cigno,True
lavai,True
salto,True
ponfo,True
flora,True
gonzo,True
fissa,True
tieni,True
cieca,True
direi,True
ladro,True
arena,True
omise,True
tolta,True
calce,True
brodo,True
serie,True
pompa,True
sosia,True
veste,True
panca,True
bomba,True
pesai,True
tonno,True
iella,True
acari,True
paghe,True
svaso,True
canea,True
iride,True
micce,True
cambi,True
sauna,True
agata,True
corto,True
amore,True
terna,True
urlai,True
ameba,True
monte,True
varco,True
saggi,True
serio,True
desta,True
gozzo,True
tatuo,True
gazza,True
sbafo,True
coppi,True
danno,True
tuffo,True
roche,True
randa,True
patto,True
sfamo,True
sordi,True
credo,True
kappa,True
istmo,True
furto,True
creai,True
ronda,True
sugna,True
karma,True
largo,True
torba,True
edile,True
edera,True
esigo,True
colgo,True
sfogo,True
adula,True
apnea,True
vanto,True
grato,True
palpo,True
beffa,True
globo,True
ghisa,True
dillo,True
sfumo,True
comma,True
duomo,True
pozzi,True
basto,True
virus,True
guano,True
adone,True
gorgo,True
spira,True
ribes,True
picco,True
svevo,True
ganzo,True
koala,True
falde,True
cibai,True
fiore,True
somma,True
scusa,True
matto,True
lance,True
cerro,True
uscio,True
saldo,True
babau,True
flebo,True
greto,True
guaio,True
ovulo,True
ulula,True
tengo,True
lampo,True
cavia,True
ovest,True
gassa,True
latta,True
raspo,True
camma,True
lasco,True
bruma,True
cotta,True
burla,True
mento,True
stavi,True
unire,True
fruga,True
sbavi,True
dammi,True
nulla,True
nembo,True
turpe,True
speck,True
vigna,True
torto,True
pacco,True
chilo,True
ozono,True
gusto,True
fregi,True
giada,True
crine,True
toghe,True
birba,True
torni,True
getto,True
mazzo,True
talco,True
rogna,True
mutuo,True
mance,True
podio,True
verso,True
pausa,True
dotta,True
botte,True
pasta,True
brado,True
savio,True
piove,True
privo,True
assai,True
abeti,True
pappa,True
gallo,True
igneo,True
zampa,True
forno,True
grave,True
plico,True
mondo,True
scena,True
prosa,True
felce,True
stadi,True
agone,True
conta,True
gioia,True
calme,True
amido,True
aereo,True
scopo,True
esodo,True
cardo,True
gnomo,True
spelo,True
narri,True
tigre,True
orale,True
notte,True
giova,True
retta,True
tenue,True
curio,True
omino,True
lobby,True
usavi,True
lisci,True
avena,True
menta,True
dorso,True
tazza,True
caldo,True
nozze,True
armai,True
plebe,True
spazi,True
riffa,True
zozze,True
zappa,True
unito,True
leale,True
socio,True
vinse,True
giara,True
rende,True
acida,True
garbo,True
abati,False
abato,False
abavi,False
abavo,False
abaya,False
abbui,False
abete,False
abili,False
abita,False
abiti,False
abuna,False
abusi,False
abuso,False
acaro,False
acati,False
acato,False
acazi,False
accia,False
accio,False
aceri,False
acese,False
acesi,False
aceta,False
aceti,False
achea,False
achee,False
achei,False
acheo,False
acide,False
acidi,False
acido,False
acile,False
acili,False
acini,False
acori,False
acoro,False
acque,False
acqui,False
acquo,False
actea,False
actee,False
acuii,False
acumi,False
acuta,False
acute,False
acuto,False
adale,False
adali,False
addai,False
addii,False
addua,False
addui,False
adduo,False
adesa,False
adese,False
adesi,False
adeso,False
adima,False
adimi,False
adimo,False
adipi,False
adira,False
adire,False
adiri,False
adiro,False
adita,False
adite,False
aditi,False
adiva,False
adivi,False
adivo,False
adobe,False
adona,False
adoni,False
adono,False
adora,False
adoro,False
adoxa,False
adoxe,False
aduli,False
adulo,False
aduna,False
aduni,False
aduno,False
adusa,False
aduse,False
adusi,False
aequo,False
aerai,False
aeree,False
aerei,False
afaca,False
afata,False
afate,False
afati,False
afato,False
afeli,False
afeta,False
afeti,False
afide,False
afnii,False
afnio,False
afone,False
afoni,False
afono,False
afosa,False
afose,False
afosi,False
agama,False
agame,False
agami,False
agamo,False
agapi,False
agate,False
agavi,False
aggio,False
agiai,False
agili,False
agino,False
agita,False
agite,False
agiti,False
agiva,False
agivi,False
agivo,False
agoni,False
agora,False
aguti,False
aiace,False
aiaci,False
aiata,False
aiate,False
aiola,False
aiole,False
aioli,False
aiolo,False
aione,False
aioni,False
aitai,False
aiuga,False
aiuta,False
aiuti,False
aizza,False
aizzi,False
aizzo,False
alaci,False
alala,False
alale,False
alali,False
alalo,False
alami,False
alane,False
alani,False
alano,False
alare,False
alari,False
alata,False
alati,False
alato,False
alava,False
alavi,False
alavo,False
albio,False
alcea,False
alcee,False
alche,False
aldio,False
aleph,False
alesa,False
alese,False
alesi,False
aleso,False
algia,False
algie,False
aliai,False
alias,False
alici,False
alida,False
alide,False
alidi,False
alido,False
alimi,False
alimo,False
alino,False
alita,False
alite,False
aliti,False
allea,False
allee,False
allei,False
alleo,False
almea,False
almee,False
alobi,False
alona,False
aloni,False
alono,False
alosa,False
alose,False
alpha,False
altea,False
altee,False
altre,False
altri,False
altro,False
alula,False
alule,False
alvei,False
amaci,False
amale,False
amali,False
amalo,False
amami,False
amane,False
amano,False
amara,False
amare,False
amari,False
amasi,False
amata,False
amate,False
amati,False
amava,False
amavi,False
ambia,False
ambii,False
ambio,False
ambre,False
amebe,False
amena,False
amene,False
ameno,False
amica,False
amico,False
amida,False
amide,False
amidi,False
amiga,False
amigo,False
amile,False
amili,False
amina,False
amine,False
amino,False
ammai,False
amnii,False
amnio,False
amomi,False
amomo,False
amori,False
ampia,False
ampie,False
ampli,False
amuli,False
amulo,False
anale,False
anali,False
anari,False
anela,False
anele,False
aneli,False
aneti,False
angla,False
angle,False
angli,False
anglo,False
angue,False
angui,False
anici,False
anile,False
anili,False
anima,False
anime,False
animi,False
annua,False
annue,False
annui,False
anobi,False
anodi,False
anona,False
anone,False
ansai,False
ansie,False
ansio,False
antri,False
anura,False
anure,False
anuri,False
anuro,False
aonia,False
aonie,False
aonio,False
aorte,False
apale,False
apali,False
apate,False
apici,False
apide,False
apidi,False
apina,False
apine,False
apira,False
apire,False
apiri,False
apiro,False
apnee,False
apoda,False
apode,False
apodi,False
apodo,False
appai,False
appia,False
appie,False
appio,False
apula,False
apule,False
apuli,False
apulo,False
araba,False
arabe,False
arabo,False
araci,False
arala,False
arale,False
arali,False
aralo,False
arama,False
arame,False
arami,False
aramo,False
arane,False
arano,False
arara,False
arata,False
arate,False
arati,False
arato,False
arava,False
aravi,False
aravo,False
arcai,False
arche,False
arcua,False
arcui,False
arcuo,False
ardea,False
ardee,False
ardii,False
ardue,False
ardui,False
arduo,False
areai,False
areca,False
arene,False
areni,False
areno,False
arese,False
aresi,False
argea,False
argee,False
argei,False
argeo,False
arghi,False
argon,False
aride,False
aridi,False
arido,False
arile,False
arili,False
arino,False
arnie,False
aromi,False
arpia,False
arsii,False
artai,False
artoa,False
artoe,False
artoi,False
artoo,False
asada,False
asado,False
asana,False
asari,False
asaro,False
aschi,False
ascio,False
asili,False
asina,False
asine,False
asini,False
asole,False
asoli,False
asolo,False
aspra,False
aspre,False
aspro,False
astia,False
astri,False
atava,False
atave,False
atavi,False
atavo,False
atele,False
ateli,False
atomi,False
atona,False
atone,False
atoni,False
atono,False
atout,False
atrii,False
attai,False
attea,False
attee,False
attei,False
atteo,False
attua,False
attui,False
attuo,False
audit,False
auffa,False
augna,False
augni,False
augno,False
aulii,False
aurai,False
aurea,False
auree,False
aurei,False
avana,False
avara,False
avare,False
avaro,False
avene,False
averi,False
avete,False
aveva,False
avevi,False
avevo,False
avida,False
avide,False
avidi,False
avita,False
avite,False
aviti,False
avoca,False
avoco,False
avola,False
avole,False
avoli,False
avori,False
avrei,False
avuta,False
avute,False
avuti,False
avvia,False
avvii,False
axone,False
axoni,False
azera,False
azere,False
azeri,False
azide,False
azidi,False
azima,False
azime,False
azimi,False
azimo,False
azina,False
azine,False
azoni,False
azota,False
azoti,False
azuki,False
babao,False
babbi,False
bacai,False
bacco,False
bacia,False
bacie,False
bacii,False
badge,False
badgi,False
badie,False
baele,False
baeli,False
baffo,False
bagel,False
bagli,False
bagna,False
bagne,False
bagni,False
baiai,False
baili,False
bailo,False
baino,False
baite,False
bakka,False
bakke,False
bakki,False
bakko,False
balba,False
balbe,False
balbi,False
balbo,False
balco,False
balda,False
balde,False
baldi,False
balie,False
balii,False
balio,False
balla,False
balli,False
balma,False
balme,False
balse,False
balta,False
balte,False
balti,False
balto,False
balza,False
balze,False
balzi,False
bamba,False
bambe,False
bambi,False
bambo,False
banaa,False
banae,False
banai,False
banao,False
banda,False
bandi,False
bando,False
bangi,False
banjo,False
banna,False
banni,False
banno,False
bantu,False
barbe,False
barbi,False
barbo,False
barco,False
barda,False
barde,False
bardi,False
baria,False
barie,False
barii,False
barre,False
barri,False
barro,False
basai,False
basca,False
basii,False
bassa,False
basse,False
bassi,False
baste,False
basti,False
batta,False
batti,False
batto,False
batua,False
baula,False
bauli,False
baulo,False
bauta,False
baute,False
bazze,False
beaci,False
beala,False
beale,False
beali,False
bealo,False
beami,False
beane,False
beano,False
beare,False
beata,False
beate,False
beati,False
beava,False
beavi,False
beavo,False
bebop,False
becca,False
beffe,False
beffi,False
beffo,False
begai,False
beggi,False
beghi,False
begia,False
begli,False
beige,False
beigi,False
beino,False
beisa,False
beise,False
belai,False
belgi,False
belii,False
belio,False
bella,False
belle,False
belli,False
belta,False
belve,False
benai,False
bende,False
bendi,False
bendo,False
benna,False
benne,False
beola,False
beole,False
beona,False
beoni,False
beota,False
beote,False
beoti,False
berla,False
berle,False
berli,False
berma,False
berme,False
bermi,False
berne,False
bersi,False
berta,False
berte,False
berti,False
bervi,False
besce,False
besci,False
bessa,False
besse,False
bessi,False
besso,False
betta,False
bette,False
beuta,False
beute,False
bevei,False
bevve,False
bevvi,False
bezzi,False
bezzo,False
biade,False
biadi,False
biado,False
biava,False
biave,False
biavi,False
biavo,False
bibbi,False
biche,False
bieca,False
biete,False
biffa,False
biffe,False
biffi,False
biffo,False
bighe,False
bighi,False
bigie,False
bigio,False
bigne,False
bilia,False
bilie,False
bimbe,False
bimbi,False
bimbo,False
binai,False
binda,False
binde,False
bindi,False
binga,False
binge,False
bingo,False
biodi,False
biodo,False
biomi,False
biosi,False
biova,False
biove,False
birbe,False
birbi,False
birbo,False
birce,False
birci,False
birre,False
birri,False
birro,False
bissa,False
bissi,False
bisso,False
bista,False
biste,False
bisti,False
bitte,False
bitti,False
bitto,False
biuta,False
biute,False
biuti,False
biuto,False
bizza,False
blese,False
blesi,False
bleso,False
blini,False
blitz,False
blumi,False
blumo,False
bluse,False
boari,False
boaro,False
boati,False
bobba,False
bobbi,False
bobbo,False
bocci,False
bocco,False
bocia,False
boema,False
boeme,False
boemi,False
boemo,False
boera,False
boere,False
boeri,False
boero,False
boghe,False
boide,False
boidi,False
boite,False
boldi,False
boldo,False
bolge,False
bolle,False
bolli,False
bolsa,False
bolse,False
bolsi,False
bolso,False
bombe,False
bombi,False
bombo,False
bonne,False
bonta,False
bonza,False
bonze,False
bonzi,False
bonzo,False
borda,False
borde,False
bordo,False
borea,False
borei,False
boria,False
borii,False
borio,False
borni,False
borra,False
borre,False
borri,False
borro,False
borse,False
bossi,False
bosso,False
botri,False
botro,False
botta,False
botto,False
boule,False
boxai,False
bozze,False
bozzi,False
bozzo,False
braca,False
braci,False
braco,False
brada,False
brade,False
bradi,False
braga,False
brago,False
braii,False
brama,False
brami,False
bramo,False
brani,False
brasa,False
brasi,False
braso,False
brava,False
brave,False
bravo,False
bremi,False
bremo,False
breva,False
brevi,False
brice,False
brici,False
brida,False
bride,False
brige,False
brigi,False
brigo,False
brine,False
brini,False
brino,False
broda,False
brode,False
brodi,False
broge,False
brogi,False
broli,False
brolo,False
bromi,False
bromo,False
brova,False
brovi,False
brovo,False
bruca,False
brugi,False
brugo,False
bruii,False
brume,False
bruna,False
brune,False
bruni,False
bruta,False
brute,False
bruto,False
bruzi,False
bubai,False
bucai,False
bucci,False
buche,False
bucio,False
buddi,False
bufai,False
buffe,False
buffi,False
buffo,False
bugia,False
bugio,False
bugli,False
bugna,False
bugne,False
bugni,False
bugno,False
buina,False
buine,False
bulai,False
bulbi,False
bulla,False
bulle,False
bulli,False
bumba,False
bumbe,False
buona,False
buone,False
buoni,False
burba,False
burbe,False
burga,False
burka,False
burle,False
burli,False
burlo,False
burqa,False
burri,False
busaa,False
busae,False
busai,False
busao,False
busca,False
busco,False
bushi,False
bussa,False
busse,False
bussi,False
buste,False
busto,False
butte,False
butti,False
butto,False
buzza,False
buzze,False
buzzi,False
buzzo,False
bwaka,False
bwana,False
caaba,False
cabla,False
cabli,False
cablo,False
cabra,False
cabri,False
cabro,False
cacai,False
cacca,False
cacce,False
cacci,False
cache,False
cacia,False
cacti,False
cacto,False
caddi,False
cadmi,False
caffa,False
caffe,False
caffi,False
caffo,False
cafra,False
cafre,False
cafri,False
cafro,False
cagai,False
caghi,False
cagli,False
cagne,False
caiba,False
caibe,False
caina,False
caine,False
caini,False
caino,False
calao,False
calda,False
calde,False
caldi,False
calia,False
calie,False
calla,False
calle,False
callo,False
calma,False
calmi,False
calmo,False
calse,False
calta,False
calte,False
calve,False
calvi,False
calvo,False
calza,False
calzi,False
calzo,False
camei,False
camme,False
campi,False
canai,False
canee,False
canga,False
cange,False
cangi,False
canne,False
canni,False
canno,False
canoe,False
cansa,False
cansi,False
canso,False
canta,False
canti,False
capai,False
cappe,False
cappi,False
cappo,False
capre,False
capri,False
capro,False
capta,False
capti,False
capto,False
carca,False
carco,False
carda,False
carde,False
cardi,False
caria,False
cario,False
carmi,False
carna,False
carni,False
carno,False
carpe,False
carpi,False
carpo,False
carri,False
carsi,False
carvi,False
casbe,False
casca,False
casci,False
casei,False
caseo,False
caspa,False
caspe,False
caspi,False
cassi,False
casso,False
caste,False
casti,False
casto,False
catta,False
catte,False
catti,False
catto,False
caule,False
cauli,False
cauri,False
cause,False
causi,False
causo,False
cauta,False
caute,False
cauti,False
cavea,False
cavee,False
cavie,False
cazza,False
cazze,False
cazzi,False
cazzo,False
cecai,False
cecca,False
ceche,False
cechi,False
cedei,False
cedra,False
cedri,False
cedua,False
cedue,False
cedui,False
ceffa,False
ceffi,False
ceiba,False
ceibe,False
celie,False
celio,False
celle,False
celli,False
cello,False
celta,False
celte,False
celto,False
celzi,False
cengi,False
cenna,False
cenni,False
censi,False
ceppa,False
ceppe,False
ceppi,False
cerai,False
cerca,False
cerci,False
cerea,False
ceree,False
cerei,False
cereo,False
cerii,False
cerio,False
cerna,False
cerne,False
cerni,False
cerno,False
cerri,False
certe,False
certi,False
certo,False
cerva,False
cerve,False
cervi,False
cesia,False
cesie,False
cespi,False
cessa,False
cesse,False
cessi,False
ceste,False
cesti,False
cesto,False
cetre,False
chele,False
cheli,False
chete,False
cheti,False
cheto,False
chile,False
chili,False
chimi,False
chimo,False
chine,False
chini,False
chino,False
chita,False
chiti,False
chito,False
cholo,False
chope,False
ciaba,False
ciabi,False
ciabo,False
ciana,False
ciane,False
ciani,False
ciano,False
ciati,False
ciato,False
ciazi,False
cicce,False
cicci,False
cicco,False
ciche,False
cicli,False
cidia,False
cidie,False
cidio,False
cieco,False
cieli,False
ciesa,False
ciese,False
cifre,False
cifri,False
cifro,False
cigna,False
cigne,False
cigni,False
cimai,False
cimba,False
cimbe,False
cince,False
cinga,False
cinge,False
cingi,False
cingo,False
cinsi,False
cinte,False
cinti,False
cinto,False
cinzi,False
cioce,False
ciofi,False
ciofo,False
cippi,False
cipri,False
circe,False
circi,False
cirro,False
cisio,False
cispa,False
cispe,False
cista,False
ciste,False
cisto,False
citta,False
citte,False
citti,False
citto,False
ciuca,False
ciula,False
ciuli,False
ciulo,False
clade,False
cladi,False
clama,False
clami,False
clamo,False
clave,False
clavi,False
clavo,False
cleri,False
climi,False
cline,False
clini,False
clino,False
clivi,False
clivo,False
clona,False
cloni,False
clono,False
clora,False
clori,False
cloze,False
clune,False
cluni,False
cnidi,False
coala,False
coana,False
coane,False
coati,False
cobea,False
cobee,False
cobla,False
coble,False
cocca,False
cocce,False
coche,False
codia,False
codio,False
coese,False
coesi,False
coeso,False
coeva,False
coeve,False
coevi,False
coffe,False
cofta,False
cofte,False
cofti,False
cofto,False
cogli,False
cogni,False
cogno,False
coiai,False
coipi,False
coipo,False
coire,False
coita,False
coite,False
coiti,False
coito,False
coiva,False
coivi,False
coivo,False
colca,False
colco,False
colei,False
colga,False
colia,False
colie,False
colle,False
colli,False
colme,False
colmi,False
colpa,False
colpo,False
colsi,False
colte,False
colti,False
colto,False
colze,False
comba,False
combe,False
combo,False
commi,False
commo,False
compi,False
conce,False
congi,False
conia,False
conie,False
conne,False
conni,False
conno,False
consa,False
conso,False
conti,False
cooba,False
coobi,False
coobo,False
copie,False
copio,False
coppe,False
coppo,False
copra,False
copre,False
copro,False
copta,False
copte,False
copti,False
copto,False
coque,False
corai,False
corba,False
corbe,False
corca,False
corco,False
corde,False
corea,False
coree,False
corei,False
coreo,False
corio,False
cormi,False
cormo,False
corni,False
corno,False
corpi,False
corre,False
corri,False
corro,False
corse,False
corsi,False
corta,False
corti,False
corvo,False
cosai,False
cosci,False
cosfi,False
cosmi,False
cosse,False
cossi,False
cosso,False
coste,False
costo,False
cotte,False
cotti,False
cotto,False
cousi,False
couso,False
covid,False
cozza,False
cozzi,False
crace,False
craci,False
crapa,False
crape,False
creda,False
crede,False
credi,False
creme,False
cremi,False
cremo,False
crena,False
crene,False
creni,False
creno,False
crepa,False
crepo,False
cresi,False
creso,False
crete,False
crime,False
crimi,False
crina,False
crini,False
crino,False
croci,False
crode,False
croia,False
croie,False
croio,False
crome,False
cromi,False
crono,False
cruci,False
crude,False
crudi,False
crudo,False
crune,False
ctoni,False
cubai,False
cubia,False
cubie,False
cucca,False
cucci,False
cucco,False
cucia,False
cucii,False
cueva,False
cugna,False
cugne,False
culai,False
culle,False
culli,False
cullo,False
culmi,False
culmo,False
culpa,False
culta,False
culte,False
culti,False
cunca,False
cunce,False
cunci,False
cunco,False
cuneo,False
cuoce,False
cuoci,False
cuoco,False
cuoia,False
cuora,False
cuori,False
curde,False
curdi,False
curdo,False
curie,False
curii,False
curri,False
curro,False
curve,False
curvi,False
curvo,False
cusco,False
cussi,False
cusso,False
dacci,False
dache,False
dacia,False
dacie,False
dafne,False
dafni,False
daghe,False
dagli,False
daina,False
daine,False
daini,False
dalai,False
dalie,False
dalla,False
dalle,False
dalli,False
dallo,False
damai,False
damma,False
damme,False
dance,False
danda,False
dande,False
dando,False
danna,False
danne,False
danni,False
dante,False
danti,False
danze,False
danzi,False
danzo,False
darai,False
darci,False
dardi,False
darei,False
darla,False
darle,False
darli,False
darlo,False
darmi,False
darne,False
darsi,False
darti,False
darvi,False
daspo,False
datai,False
datti,False
dauni,False
dazia,False
debba,False
debbi,False
debbo,False
deche,False
deghi,False
degli,False
degne,False
degni,False
degno,False
delia,False
delie,False
delio,False
della,False
delle,False
dello,False
delta,False
demmo,False
densa,False
dense,False
densi,False
denta,False
dente,False
dento,False
derby,False
derma,False
dermi,False
derno,False
desia,False
desii,False
dessa,False
desse,False
dessi,False
desso,False
deste,False
desti,False
desto,False
detox,False
detta,False
dette,False
detti,False
devia,False
devie,False
devii,False
devio,False
diadi,False
diale,False
diali,False
diamo,False
diana,False
diane,False
diano,False
diapa,False
diape,False
diapi,False
diapo,False
diate,False
diaza,False
diaze,False
diazi,False
diazo,False
dicai,False
dicci,False
diche,False
dichi,False
dicta,False
diede,False
diedi,False
diene,False
dieni,False
dieri,False
diesa,False
diesi,False
dieso,False
diete,False
dieti,False
dieto,False
digli,False
dildi,False
dildo,False
dilla,False
dille,False
dilli,False
dimoi,False
dindi,False
dindo,False
dingo,False
dinka,False
dinne,False
diodi,False
dioli,False
diolo,False
diosi,False
dipoi,False
dirai,False
dirci,False
dirla,False
dirle,False
dirli,False
dirlo,False
dirne,False
dirsi,False
dirti,False
dirvi,False
disfi,False
disfo,False
disia,False
disii,False
disio,False
disse,False
dissi,False
dista,False
disti,False
ditte,False
ditti,False
diula,False
djaga,False
doagi,False
doari,False
dobla,False
doble,False
dobli,False
doblo,False
dobra,False
docci,False
docmi,False
dogai,False
doghi,False
dogli,False
dogmi,False
dogre,False
dolai,False
dolca,False
dolci,False
dolco,False
dolga,False
dolgo,False
dolio,False
dolse,False
dolsi,False
dolta,False
dolte,False
dolti,False
dolto,False
domma,False
dommi,False
donai,False
donde,False
donne,False
donni,False
donno,False
dopai,False
dorai,False
doria,False
dorio,False
dorme,False
dormi,False
dormo,False
dorsi,False
dosai,False
dosso,False
dotai,False
dotte,False
dotti,False
dotto,False
doula,False
doule,False
dovei,False
draba,False
drabe,False
draco,False
drena,False
dreni,False
dreno,False
drive,False
drogo,False
droma,False
drome,False
dromi,False
dromo,False
droni,False
druda,False
drude,False
drudi,False
drudo,False
drupe,False
drusa,False
druse,False
drusi,False
druso,False
duagi,False
duali,False
ducai,False
ducea,False
ducee,False
duina,False
duine,False
duini,False
duino,False
dulia,False
dulie,False
duoli,False
duolo,False
duomi,False
dupla,False
duple,False
dupli,False
duplo,False
durai,False
durio,False
durra,False
durre,False
duvet,False
dviii,False
ebani,False
ebbio,False
ebbra,False
ebbre,False
ebbri,False
ebeni,False
ebeno,False
ebeta,False
ebeti,False
ebeto,False
ebola,False
ebole,False
ebook,False
ebrea,False
ebree,False
ebrei,False
ebuli,False
ebulo,False
echei,False
echeo,False
echio,False
ecidi,False
edace,False
edaci,False
edemi,False
edere,False
edili,False
edipi,False
edipo,False
edita,False
edite,False
editi,False
edito,False
edona,False
edone,False
edoni,False
edono,False
educe,False
educi,False
educo,False
edule,False
eduli,False
efebi,False
efesi,False
efori,False
eforo,False
egena,False
egene,False
egeni,False
egeno,False
egida,False
egide,False
egira,False
egire,False
ekiti,False
elafe,False
elafi,False
eleni,False
eleva,False
elevi,False
elice,False
elici,False
elida,False
elide,False
elidi,False
elido,False
eliea,False
eliee,False
elima,False
elime,False
elimi,False
elimo,False
elisa,False
elise,False
elisi,False
eliso,False
eluda,False
elude,False
eludi,False
eluii,False
elusa,False
eluse,False
elusi,False
eluso,False
eluvi,False
emaci,False
email,False
emale,False
emali,False
emani,False
emano,False
emeri,False
emero,False
emesi,False
emica,False
emici,False
emico,False
emide,False
emidi,False
emina,False
emine,False
emiri,False
emise,False
emisi,False
emoni,False
empia,False
empie,False
empii,False
empio,False
emula,False
emule,False
emuli,False
enema,False
enemi,False
enfia,False
enfie,False
enfio,False
engri,False
ennea,False
ennee,False
ennei,False
enneo,False
enoli,False
enolo,False
entri,False
entro,False
enula,False
enule,False
eolia,False
eolie,False
eolio,False
epici,False
epico,False
epodi,False
epodo,False
epura,False
epuri,False
equai,False
erada,False
erade,False
eradi,False
erado,False
erari,False
erasa,False
erase,False
erasi,False
eraso,False
erbai,False
erbio,False
erebi,False
erebo,False
ereda,False
erede,False
eredo,False
eremi,False
ereta,False
ereti,False
ereto,False
eriga,False
erige,False
erigi,False
ernie,False
ernio,False
eroda,False
erode,False
erodi,False
erodo,False
erogo,False
erosa,False
erose,False
erosi,False
eruca,False
erula,False
erule,False
eruli,False
erulo,False
erzya,False
esala,False
esali,False
esalo,False
esami,False
esani,False
esano,False
eschi,False
esiga,False
esige,False
esigi,False
esili,False
esima,False
esime,False
esimi,False
esimo,False
esipi,False
esipo,False
esita,False
esiti,False
esizi,False
esodi,False
esone,False
esoni,False
esora,False
esori,False
esoro,False
esosa,False
esose,False
esosi,False
espia,False
espii,False
essai,False
estia,False
estie,False
estii,False
estio,False
estri,False
estua,False
estui,False
estuo,False
esula,False
esuli,False
esulo,False
esuma,False
esumi,False
esumo,False
etani,False
etate,False
etati,False
etene,False
eteni,False
etera,False
eteri,False
etero,False
etesi,False
ethos,False
etici,False
etico,False
etile,False
etili,False
etimi,False
etini,False
etino,False
etnee,False
etnei,False
etneo,False
etnie,False
etola,False
etole,False
etoli,False
etolo,False
eutri,False
evada,False
evade,False
evadi,False
evado,False
evasa,False
evase,False
evasi,False
evira,False
eviri,False
eviro,False
eviti,False
evito,False
evoca,False
fabri,False
fabro,False
facci,False
facto,False
fagli,False
faide,False
faine,False
falba,False
falbe,False
falbi,False
falbo,False
falca,False
falci,False
falda,False
faldi,False
faldo,False
falla,False
falle,False
falli,False
falsa,False
false,False
falsi,False
famai,False
fanga,False
fanne,False
fanti,False
farad,False
farai,False
farce,False
farci,False
farda,False
farde,False
farea,False
farei,False
farla,False
farle,False
farli,False
farlo,False
farmi,False
farri,False
farse,False
farsi,False
farso,False
farti,False
farvi,False
fasai,False
fasci,False
fasta,False
faste,False
fasti,False
fasto,False
fatai,False
fatta,False
fatte,False
fatti,False
fatua,False
fatue,False
fatui,False
fatwa,False
fauce,False
faune,False
fauni,False
fauno,False
fauve,False
favai,False
faxai,False
feace,False
feaci,False
febea,False
febee,False
febei,False
febeo,False
fecce,False
fedai,False
felci,False
fella,False
felle,False
felli,False
fello,False
felpe,False
felpi,False
felpo,False
felse,False
felsi,False
felze,False
felzi,False
femme,False
fence,False
fenda,False
fende,False
fendi,False
fendo,False
feria,False
ferii,False
ferla,False
ferle,False
ferma,False
ferme,False
fermi,False
ferra,False
ferri,False
fersa,False
ferse,False
ferva,False
ferve,False
fervi,False
fervo,False
ferza,False
ferze,False
ferzi,False
ferzo,False
fessa,False
fesse,False
fessi,False
feste,False
festi,False
festo,False
fette,False
feudi,False
fiaba,False
fiale,False
fiani,False
fiano,False
fiata,False
fiate,False
fiati,False
fibre,False
ficca,False
ficco,False
ficea,False
ficee,False
fiche,False
ficus,False
fidai,False
fiele,False
fieli,False
fieni,False
fiere,False
fieri,False
fighe,False
fighi,False
filai,False
filli,False
fillo,False
filma,False
filmi,False
filmo,False
filza,False
filze,False
finca,False
finga,False
fingi,False
fingo,False
finii,False
finna,False
finne,False
finni,False
finno,False
finse,False
finsi,False
finta,False
finte,False
finti,False
fioco,False
fiora,False
fiori,False
fioro,False
fiote,False
fioti,False
firme,False
firmi,False
firmo,False
fisai,False
fisse,False
fissi,False
fisso,False
fitta,False
fitte,False
fitti,False
fiumi,False
fiuta,False
fiuti,False
flake,False
flana,False
flani,False
flano,False
flash,False
flati,False
flato,False
flava,False
flave,False
flavi,False
flavo,False
fleti,False
fleto,False
flirt,False
flore,False
fluii,False
fobie,False
focea,False
focee,False
focei,False
foceo,False
fochi,False
focus,False
fodri,False
fodro,False
fogge,False
foggi,False
foghe,False
fogna,False
fogni,False
fogno,False
foiba,False
folce,False
folco,False
folio,False
folli,False
follo,False
folta,False
folte,False
folti,False
fonai,False
fonda,False
fonde,False
fondi,False
fonia,False
fonie,False
fonti,False
forai,False
force,False
forci,False
forge,False
forgi,False
forme,False
formi,False
formo,False
forni,False
forre,False
forti,False
forze,False
forzi,False
forzo,False
fosca,False
fossi,False
fosso,False
fosti,False
fotta,False
fotte,False
fotti,False
fotto,False
fovea,False
fovee,False
foyer,False
fraga,False
frale,False
frali,False
frame,False
frane,False
frani,False
frano,False
frati,False
frego,False
frema,False
freme,False
fremi,False
frena,False
freni,False
freon,False
frese,False
fresi,False
freso,False
frigi,False
frine,False
frini,False
frisa,False
frisi,False
friso,False
froda,False
frodi,False
frodo,False
froge,False
frugo,False
fruii,False
ftori,False
ftoro,False
fuchi,False
fuffa,False
fuffe,False
fugai,False
fugga,False
fugge,False
fuggi,False
fuggo,False
fughi,False
fulbe,False
fulbi,False
fulga,False
fulge,False
fulgi,False
fulgo,False
fulsa,False
fulse,False
fulsi,False
fulso,False
fulve,False
fulvi,False
fulvo,False
fumea,False
fumee,False
fumei,False
fumeo,False
fumma,False
fummi,False
funai,False
fundo,False
funga,False
fungi,False
funky,False
funse,False
funsi,False
funta,False
funte,False
funti,False
funto,False
furai,False
furbe,False
furbi,False
furbo,False
furca,False
furie,False
furio,False
furti,False
fusai,False
fusta,False
fuste,False
fusti,False
futon,False
fuxia,False
fuxie,False
fuzzy,False
gabba,False
gabbi,False
gabbo,False
gaela,False
gaele,False
gaeli,False
gaelo,False
gaffa,False
gaffe,False
gagge,False
gaggi,False
galee,False
galei,False
galeo,False
galgo,False
galio,False
galla,False
galle,False
galli,False
gambe,False
gambi,False
gamia,False
gamie,False
gamme,False
ganda,False
gande,False
ganga,False
gange,False
ganza,False
ganze,False
ganzi,False
garba,False
garbe,False
garbi,False
garga,False
gargo,False
garni,False
garze,False
garzi,False
garzo,False
gasai,False
gasco,False
gasse,False
gassi,False
gasso,False
gatta,False
gatte,False
gatti,False
gauda,False
gaude,False
gaudi,False
gaudo,False
gauge,False
gauli,False
gaulo,False
gauta,False
gaute,False
gauti,False
gauto,False
gazai,False
gazze,False
gazzi,False
gazzo,False
gelai,False
gelao,False
gelsa,False
gelse,False
gelsi,False
gemei,False
gemme,False
gemmi,False
gemmo,False
genai,False
genia,False
genie,False
genoa,False
genti,False
genue,False
geode,False
geodi,False
geomi,False
gerba,False
gerbe,False
gerla,False
gerle,False
gerli,False
gerlo,False
germa,False
germi,False
gessa,False
gessi,False
gesta,False
gesto,False
getta,False
getti,False
ghali,False
ghega,False
ghegi,False
ghego,False
ghiri,False
ghise,False
giaci,False
giaco,False
giade,False
giani,False
giano,False
giare,False
giava,False
giave,False
gibbi,False
gibbo,False
gighe,False
gilda,False
gilde,False
gilet,False
gimmo,False
ginna,False
ginni,False
ginno,False
gioca,False
gioie,False
gioii,False
gioio,False
giovi,False
giovo,False
girci,False
girei,False
girii,False
girio,False
girla,False
girle,False
girli,False
girlo,False
girmi,False
girne,False
girsi,False
girti,False
girvi,False
gisse,False
gissi,False
giste,False
gisti,False
gitta,False
gitti,False
gitto,False
giuba,False
giube,False
giuda,False
giuli,False
giura,False
giure,False
giuri,False
giuso,False
gladi,False
gleba,False
glebe,False
glena,False
glene,False
gleni,False
glifi,False
globe,False
globi,False
glomi,False
glomo,False
glori,False
gluma,False
glume,False
gnidi,False
gnome,False
gnomi,False
gnuda,False
gnude,False
gnudi,False
gnudo,False
gobbe,False
gobbi,False
gobbo,False
gocci,False
godei,False
godii,False
godio,False
goffa,False
goffi,False
goffo,False
gogne,False
goldi,False
golea,False
golei,False
goleo,False
golfi,False
golia,False
golpe,False
gombe,False
gombi,False
gombo,False
gomme,False
gommi,False
gommo,False
gonda,False
gonde,False
gondi,False
gondo,False
gonfa,False
gonfe,False
gonfo,False
gonga,False
gonio,False
gonja,False
gonne,False
gonza,False
gonze,False
gonzi,False
gordi,False
gorga,False
gorge,False
gorna,False
gorne,False
gotha,False
gotte,False
gotti,False
gotto,False
gouda,False
gozzi,False
grada,False
grade,False
grado,False
grafi,False
graia,False
graie,False
graii,False
graio,False
grame,False
grami,False
gramo,False
grane,False
grani,False
grate,False
grati,False
grava,False
gravi,False
gravo,False
grazi,False
greca,False
greci,False
gremi,False
greti,False
grevi,False
grica,False
grici,False
grico,False
gride,False
gridi,False
grido,False
grifa,False
grifi,False
grifo,False
grola,False
grole,False
groma,False
grome,False
grufa,False
grufi,False
grufo,False
gruga,False
grugo,False
gruma,False
grume,False
grumi,False
grusi,False
guaco,False
guada,False
guade,False
guadi,False
guaii,False
guani,False
guari,False
guata,False
guati,False
guato,False
gufai,False
guide,False
guidi,False
guido,False
guina,False
guini,False
guino,False
guisa,False
guise,False
gulag,False
gurge,False
gurgi,False
gusla,False
gusta,False
gusti,False
gutea,False
gutee,False
gutei,False
guteo,False
gutti,False
gutto,False
guzla,False
guzle,False
gwari,False
hafni,False
haida,False
haiku,False
hakka,False
hallo,False
hamza,False
harem,False
haute,False
hedge,False
hello,False
henna,False
henne,False
hertz,False
hevea,False
hevee,False
hijab,False
hindi,False
hobby,False
hokka,False
hokke,False
hokki,False
hokko,False
holmi,False
house,False
huave,False
huavi,False
huchi,False
hudna,False
iacea,False
iacee,False
iarda,False
iarde,False
ibera,False
ibere,False
iberi,False
ibero,False
iblea,False
iblee,False
iblei,False
ibleo,False
icari,False
icena,False
icene,False
iceni,False
iceno,False
icone,False
icore,False
icori,False
ictus,False
idali,False
iddia,False
iddie,False
iddio,False
ideai,False
idoli,False
idria,False
idrie,False
ielle,False
iesta,False
ieste,False
iesti,False
iesto,False
ietta,False
ietti,False
ietto,False
ifale,False
ifali,False
ifema,False
ifemi,False
igloo,False
ignea,False
ignee,False
ignei,False
ilari,False
ilice,False
ilici,False
ilide,False
ilidi,False
illea,False
illee,False
illei,False
illeo,False
ilota,False
ilote,False
iloti,False
image,False
imago,False
imani,False
imano,False
imati,False
imene,False
imeni,False
imiti,False
imito,False
inala,False
inali,False
inalo,False
inane,False
inani,False
incoa,False
incoi,False
incoo,False
india,False
indie,False
indio,False
infoi,False
infra,False
ingoi,False
ingri,False
inlei,False
inlui,False
inmia,False
inmio,False
inoli,False
inoma,False
inomi,False
inope,False
inopi,False
insce,False
insci,False
insta,False
insti,False
insto,False
intra,False
intro,False
inula,False
inule,False
inuma,False
inumi,False
inumo,False
invai,False
invia,False
invii,False
iodai,False
ioide,False
ioidi,False
iolla,False
iolle,False
ionia,False
ionie,False
ionio,False
ipate,False
ipati,False
ippia,False
ippie,False
ippii,False
ippio,False
irace,False
iraci,False
irata,False
irate,False
irati,False
irato,False
irchi,False
irida,False
iridi,False
irido,False
irite,False
iriti,False
iroki,False
iroko,False
irosa,False
irose,False
irosi,False
iroso,False
irula,False
ischi,False
islam,False
isodi,False
isole,False
isoli,False
isolo,False
isopi,False
isopo,False
issai,False
istai,False
istle,False
istmi,False
isuri,False
isuro,False
itaci,False
itaco,False
itala,False
itale,False
itali,False
italo,False
itera,False
iteri,False
itero,False
iucca,False
iulca,False
iulco,False
iurta,False
iurte,False
ivata,False
ivate,False
ivati,False
ivato,False
jihad,False
jolly,False
joule,False
jumbo,False
junci,False
junco,False
kaaba,False
kakwa,False
kamti,False
kanji,False
kansa,False
kaone,False
kaoni,False
kasba,False
kayak,False
kebab,False
kendo,False
khasi,False
kiowa,False
kissi,False
kitai,False
kiwai,False
konde,False
kondi,False
konga,False
konge,False
kongi,False
kongo,False
konta,False
kulla,False
kulle,False
kulli,False
kullo,False
kunta,False
kurda,False
kurde,False
kurdi,False
kurdo,False
kwena,False
kyrie,False
labbi,False
labbo,False
labda,False
labio,False
labri,False
labro,False
lacce,False
lacco,False
ladra,False
ladre,False
ladri,False
lagne,False
lagni,False
lagno,False
laica,False
laici,False
laida,False
laide,False
laidi,False
laido,False
lamai,False
lamba,False
lambe,False
lambi,False
lambo,False
lamia,False
lamie,False
lamio,False
lampa,False
lampe,False
lampi,False
lanca,False
landa,False
lande,False
lanea,False
lanee,False
lanei,False
laneo,False
lanfa,False
lanfe,False
langa,False
lange,False
lania,False
lanio,False
lanzi,False
lanzo,False
lapis,False
lappa,False
lappe,False
lappi,False
lappo,False
larda,False
lardi,False
larga,False
large,False
larve,False
larvi,False
larvo,False
lasca,False
lassa,False
lasse,False
lassi,False
lasso,False
lasta,False
laste,False
latra,False
latri,False
latro,False
latti,False
latto,False
lauda,False
laude,False
laudi,False
laura,False
laure,False
lauri,False
lauro,False
lauta,False
laute,False
lauti,False
lauto,False
lavia,False
lavie,False
lavra,False
lavre,False
lazza,False
lazze,False
lazzi,False
lazzo,False
leali,False
lebbi,False
lecce,False
lecco,False
legga,False
leggi,False
leghi,False
legni,False
lella,False
lelle,False
lelli,False
lello,False
lembi,False
lemme,False
lemmi,False
lemmo,False
lemna,False
lemne,False
lenca,False
lenci,False
lenea,False
lenee,False
lenei,False
leneo,False
lenii,False
lente,False
lenti,False
lento,False
lenze,False
lenzi,False
lenzo,False
leoni,False
leppa,False
leppi,False
leppo,False
lepra,False
lepre,False
lerce,False
lesbi,False
lesbo,False
lesca,False
lessa,False
lesse,False
lessi,False
leste,False
lesti,False
lesto,False
letea,False
letee,False
letei,False
leteo,False
letri,False
letro,False
letta,False
lette,False
letti,False
leuca,False
leuci,False
leuco,False
leuti,False
leuto,False
levai,False
lezia,False
lezie,False
lezio,False
lezza,False
lezze,False
lezzi,False
lezzo,False
liane,False
libai,False
libra,False
libre,False
libri,False
licci,False
licei,False
licia,False
licie,False
licio,False
lidar,False
lidia,False
lidie,False
lidio,False
liete,False
lieti,False
lieto,False
lievi,False
lifta,False
lifti,False
lifto,False
ligei,False
ligeo,False
ligia,False
ligie,False
ligre,False
ligri,False
lilla,False
limai,False
limbi,False
limii,False
limio,False
limma,False
limmi,False
linai,False
linci,False
linde,False
lindi,False
lindo,False
linee,False
linei,False
lineo,False
linfe,False
lingi,False
linka,False
linki,False
linko,False
lippa,False
lippe,False
lippi,False
lippo,False
liqua,False
liqui,False
liquo,False
lisai,False
lisce,False
lissa,False
lisse,False
lissi,False
lisso,False
liste,False
listi,False
listo,False
litai,False
litra,False
litre,False
litri,False
litta,False
litte,False
litui,False
lituo,False
liuti,False
lizze,False
lizzi,False
lizzo,False
locai,False
locca,False
locco,False
lochi,False
lodai,False
loden,False
lodge,False
loffa,False
loffe,False
loffi,False
loffo,False
lofio,False
logga,False
logge,False
loggo,False
loghi,False
logia,False
logli,False
logra,False
logri,False
logro,False
loica,False
loici,False
loico,False
lolla,False
lolle,False
lombo,False
lompi,False
lompo,False
longa,False
longo,False
lonze,False
loppa,False
loppe,False
loppi,False
loppo,False
lorda,False
lordi,False
lordo,False
lorio,False
losca,False
lotte,False
lotto,False
lucco,False
lucea,False
lucei,False
luchi,False
lucia,False
lucie,False
lucra,False
lucri,False
ludra,False
ludre,False
ludri,False
ludro,False
luena,False
luese,False
luesi,False
luffa,False
luffe,False
lugli,False
lugre,False
lugri,False
lugro,False
luigi,False
lulla,False
lulle,False
lumai,False
lumia,False
lumie,False
lumpi,False
lumpo,False
lunda,False
lungi,False
lungo,False
lurca,False
lurco,False
lusca,False
lusco,False
lussa,False
lussi,False
lutai,False
lutea,False
lutee,False
lutei,False
luteo,False
lutta,False
lutti,False
luvia,False
luvie,False
luvii,False
luvio,False
lycra,False
macao,False
macca,False
macco,False
machi,False
macho,False
macia,False
macie,False
macro,False
madia,False
madie,False
madri,False
mafie,False
mafio,False
magai,False
maggi,False
maghe,False
magie,False
magio,False
magli,False
magmi,False
magna,False
magne,False
magni,False
magno,False
magra,False
magre,False
magri,False
maide,False
maidi,False
maina,False
maini,False
maino,False
malgo,False
malia,False
malie,False
malli,False
malte,False
malti,False
malto,False
malva,False
malve,False
mamba,False
mambi,False
mamme,False
mammi,False
mammo,False
manaa,False
manae,False
manai,False
manao,False
manco,False
manda,False
mande,False
mando,False
manga,False
manie,False
manne,False
mansa,False
manse,False
mansi,False
manso,False
manta,False
mante,False
manti,False
manza,False
manze,False
manzi,False
maona,False
maone,False
maori,False
mappe,False
mappi,False
mappo,False
marci,False
marco,False
maree,False
margi,False
margo,False
marma,False
marmi,False
marne,False
marni,False
marno,False
marra,False
marsa,False
marse,False
marsi,False
marso,False
marza,False
marze,False
marzi,False
masse,False
massi,False
masti,False
matta,False
matte,False
matti,False
maura,False
maure,False
mauri,False
mauro,False
mauve,False
mauvi,False
mazze,False
mazzi,False
mbaka,False
mbaya,False
meaci,False
meala,False
meale,False
meali,False
mealo,False
meami,False
meane,False
meano,False
meare,False
meata,False
meate,False
meati,False
meato,False
meava,False
meavi,False
meavo,False
medie,False
medio,False
meino,False
mekea,False
mekee,False
mekei,False
mekeo,False
melai,False
melba,False
melda,False
melde,False
meldi,False
meldo,False
melia,False
melie,False
melii,False
melio,False
melme,False
meloe,False
meloi,False
menai,False
mence,False
menci,False
menda,False
mende,False
mendi,False
mendo,False
menga,False
menri,False
mense,False
mente,False
menti,False
meoni,False
meoti,False
merca,False
merci,False
merco,False
merda,False
merde,False
merga,False
merge,False
mergi,False
mergo,False
meria,False
merie,False
merio,False
merla,False
merle,False
merli,False
mersa,False
merse,False
mersi,False
merso,False
mesca,False
mesce,False
mesci,False
mesco,False
messe,False
messi,False
messo,False
meste,False
mesti,False
mesto,False
metri,False
metta,False
mette,False
metti,False
mezza,False
mezze,False
mezzi,False
miasi,False
micca,False
micci,False
micco,False
miche,False
micia,False
micie,False
micro,False
mieli,False
mieta,False
miete,False
mieti,False
mieto,False
migma,False
migmi,False
migra,False
migri,False
migro,False
milia,False
milio,False
milze,False
mimai,False
mimma,False
mimme,False
mimmi,False
mimmo,False
minai,False
minea,False
minee,False
minei,False
mineo,False
minga,False
minge,False
mingi,False
mingo,False
minia,False
minio,False
minna,False
minne,False
minse,False
minsi,False
mioma,False
miomi,False
miopi,False
miosi,False
mirai,False
mirra,False
mirre,False
mirri,False
mirro,False
mirti,False
misia,False
misie,False
misii,False
misio,False
missa,False
missi,False
misso,False
mista,False
miste,False
misti,False
mitre,False
mitri,False
mitro,False
mitti,False
mitto,False
mixai,False
mixer,False
mocci,False
mochi,False
mocoa,False
modio,False
moggi,False
mogia,False
mogie,False
moina,False
moine,False
moira,False
moire,False
molai,False
molca,False
molce,False
molle,False
molli,False
mollo,False
molta,False
molte,False
molto,False
molva,False
molve,False
monco,False
monda,False
monde,False
mondi,False
monna,False
monne,False
monta,False
monti,False
monto,False
moqui,False
morai,False
morbi,False
morde,False
mordi,False
mordo,False
morfi,False
morfo,False
moria,False
morie,False
morii,False
morra,False
morre,False
morse,False
morsi,False
morta,False
morte,False
morto,False
morva,False
morve,False
mosce,False
mosco,False
mosse,False
mossi,False
mosso,False
mosti,False
motta,False
motte,False
motti,False
mouse,False
movie,False
mozza,False
mozze,False
mozzo,False
mucci,False
mucco,False
muchi,False
mudai,False
muffe,False
muffi,False
muffo,False
mufti,False
mugli,False
mulsi,False
mulso,False
multe,False
multi,False
multo,False
mundi,False
munga,False
munge,False
mungi,False
mungo,False
munii,False
munse,False
munsi,False
munta,False
munte,False
munti,False
munto,False
muoia,False
muoni,False
muore,False
muori,False
muova,False
muove,False
muovo,False
murai,False
murge,False
muria,False
murie,False
murmi,False
murra,False
murre,False
musai,False
musco,False
musei,False
mussa,False
musse,False
mussi,False
musso,False
mutai,False
mutua,False
mutue,False
mutui,False
nabla,False
nabli,False
nadir,False
nafte,False
nahua,False
naibi,False
naide,False
naidi,False
naira,False
nakfa,False
nanfa,False
nanfe,False
nanne,False
nante,False
nanzi,False
napea,False
napee,False
nappe,False
nappi,False
nappo,False
narco,False
nardi,False
nardo,False
narra,False
narro,False
nasai,False
nasca,False
nasci,False
nasco,False
nashi,False
naspi,False
naspo,False
nasse,False
nassi,False
nasso,False
nasua,False
nasue,False
natai,False
natie,False
natii,False
natio,False
natta,False
natte,False
nauta,False
nauti,False
ndoga,False
ndoge,False
ndogi,False
ndogo,False
nebbi,False
necai,False
necce,False
necci,False
nechi,False
neghi,False
nella,False
nelle,False
nello,False
nembi,False
nemea,False
nemee,False
nemei,False
nemeo,False
nence,False
nenci,False
nenie,False
nerba,False
nerbi,False
nervo,False
nesce,False
nesci,False
nessi,False
nesta,False
nesti,False
nesto,False
netta,False
nette,False
netti,False
neuma,False
neumi,False
neura,False
neure,False
neuri,False
neuro,False
ngala,False
nguni,False
nibbi,False
nicce,False
nicci,False
niego,False
nievi,False
nievo,False
nimbi,False
nimbo,False
ninfe,False
ninna,False
ninne,False
ninni,False
ninno,False
niobi,False
nisba,False
nitra,False
nitri,False
nitro,False
niuna,False
niune,False
niuni,False
niuno,False
nivea,False
nivee,False
nivei,False
nobel,False
noema,False
noemi,False
noesi,False
nogai,False
noghi,False
nomai,False
nomee,False
nonne,False
nonni,False
nonno,False
noria,False
norie,False
norma,False
normi,False
normo,False
norna,False
norne,False
notta,False
notti,False
notto,False
novai,False
novio,False
nudai,False
nugae,False
nulle,False
nulli,False
nullo,False
nummi,False
nummo,False
nunci,False
nunzi,False
nuoci,False
nuore,False
nuota,False
nuoti,False
nuova,False
nuove,False
nuovi,False
nurse,False
nutka,False
nutra,False
nutri,False
nutro,False
nyala,False
obbli,False
obeli,False
obelo,False
obera,False
oberi,False
obero,False
obesa,False
obese,False
obeso,False
obici,False
obiti,False
obito,False
oblai,False
oblia,False
oblii,False
oboli,False
ocche,False
ocimi,False
ocimo,False
ocrea,False
ocree,False
oculi,False
oculo,False
odano,False
oddio,False
odiai,False
odici,False
odila,False
odile,False
odili,False
odilo,False
odimi,False
odine,False
odire,False
odita,False
odite,False
oditi,False
odito,False
odiva,False
odivi,False
odivo,False
odono,False
odora,False
odori,False
odoro,False
odrai,False
oecio,False
offra,False
offre,False
offri,False
ofide,False
ofidi,False
ofite,False
ofiti,False
ogive,False
oiana,False
oidio,False
okapi,False
oleai,False
olfai,False
olino,False
olire,False
olita,False
olite,False
oliti,False
olito,False
oliva,False
olivi,False
olivo,False
olmio,False
olona,False
olone,False
olora,False
olore,False
olori,False
oloro,False
oltra,False
omaha,False
omani,False
omano,False
omari,False
omaro,False
omasi,False
omaso,False
ombre,False
ombri,False
ombro,False
omeri,False
omese,False
omesi,False
omini,False
omisi,False
omnia,False
omoni,False
ondai,False
onera,False
onere,False
onero,False
onese,False
onesi,False
onici,False
onora,False
onori,False
onoro,False
onrai,False
opaca,False
opaci,False
opale,False
opali,False
opata,False
opere,False
operi,False
opero,False
opica,False
opici,False
opico,False
opima,False
opime,False
opimi,False
opimo,False
opina,False
opini,False
oppia,False
oraci,False
orafa,False
orafi,False
orafo,False
orala,False
orali,False
oralo,False
orami,False
orane,False
orano,False
orare,False
orate,False
orati,False
orato,False
orava,False
oravi,False
oravo,False
orbai,False
orche,False
orfea,False
orfee,False
oribi,False
orice,False
orici,False
orige,False
origi,False
orina,False
orine,False
orini,False
orino,False
orlai,False
ornai,False
orobi,False
oroci,False
oroki,False
oroma,False
orome,False
oromi,False
oromo,False
orrea,False
orree,False
orrei,False
orreo,False
orrii,False
orzai,False
osaci,False
osage,False
osagi,False
osala,False
osale,False
osali,False
osalo,False
osami,False
osane,False
osano,False
osata,False
osate,False
osati,False
osato,False
osava,False
osavi,False
osavo,False
oscar,False
osche,False
osino,False
osmio,False
ossee,False
ossei,False
osseo,False
ostai,False
osteo,False
ostie,False
ostio,False
ostri,False
otica,False
otici,False
otico,False
otide,False
otidi,False
otiti,False
ottri,False
ovaie,False
ovaio,False
ovali,False
ovari,False
ovata,False
ovate,False
ovati,False
ovato,False
ovili,False
ovina,False
ovine,False
ovino,False
ovoli,False
ovolo,False
ovula,False
ovuli,False
ovvia,False
ovvie,False
ovvii,False
oyana,False
ozena,False
ozene,False
ozino,False
ozoni,False
pabbi,False
pacai,False
pachi,False
pacia,False
pacio,False
pacta,False
padda,False
padri,False
paesi,False
pafia,False
pafie,False
pafii,False
pafio,False
pagai,False
paghi,False
pagri,False
pagro,False
paini,False
paino,False
paisa,False
palai,False
palea,False
palee,False
palei,False
paleo,False
palli,False
pallo,False
palme,False
palmi,False
palpa,False
palpi,False
palta,False
palte,False
panai,False
pande,False
pandi,False
pando,False
pania,False
panie,False
panni,False
pansa,False
panse,False
pansi,False
panso,False
panza,False
panze,False
paoli,False
paolo,False
pappe,False
pappi,False
pappo,False
papua,False
parai,False
parca,False
parce,False
parci,False
pardi,False
pardo,False
parei,False
parie,False
parii,False
pario,False
parka,False
parla,False
parli,False
parma,False
parme,False
parra,False
parre,False
parsa,False
parse,False
parsi,False
parta,False
parva,False
parvi,False
parvo,False
pasca,False
pasce,False
pasci,False
pasco,False
passe,False
paste,False
pasti,False
patia,False
patie,False
patii,False
patre,False
patri,False
patte,False
patti,False
paure,False
pause,False
pausi,False
pauso,False
pavia,False
pavie,False
pazza,False
pazze,False
pazzo,False
peace,False
peaci,False
peani,False
peata,False
peate,False
pecce,False
pecci,False
pechi,False
pecia,False
pecie,False
pedio,False
pegno,False
pekoe,False
pelea,False
pelee,False
pelei,False
peleo,False
pelta,False
pelte,False
pelvi,False
penda,False
pendi,False
pendo,False
penei,False
peneo,False
pensi,False
penso,False
penta,False
pente,False
penti,False
pento,False
peoci,False
peone,False
peoni,False
peota,False
peote,False
pepai,False
pepli,False
pepsi,False
perca,False
perda,False
perdi,False
perdo,False
perii,False
perle,False
perni,False
persa,False
perse,False
persi,False
pervi,False
pesci,False
pesta,False
pesti,False
petai,False
petti,False
pezza,False
pezze,False
pezzi,False
phone,False
photo,False
phyla,False
piaci,False
piade,False
piago,False
piala,False
piale,False
piali,False
pialo,False
piami,False
piamo,False
piana,False
piane,False
piani,False
piare,False
piata,False
piate,False
piati,False
piato,False
piava,False
piavi,False
piavo,False
picca,False
picce,False
picea,False
picee,False
picei,False
piceo,False
piche,False
pichi,False
picio,False
piedi,False
piego,False
piene,False
pieni,False
pieno,False
pieri,False
piese,False
piesi,False
pieta,False
piete,False
pievi,False
pighi,False
pigia,False
pigii,False
pigne,False
pigra,False
pigre,False
pigri,False
piino,False
pilai,False
pilei,False
pileo,False
pilla,False
pilli,False
pillo,False
pinai,False
pinca,False
pince,False
pinco,False
pinea,False
pinee,False
pinei,False
pineo,False
pinsa,False
pinse,False
pinte,False
pinti,False
pinto,False
pinze,False
pinzi,False
pinzo,False
pioda,False
piode,False
piola,False
piole,False
piolo,False
pione,False
pioni,False
piota,False
piote,False
pioti,False
pioto,False
piova,False
piovi,False
piovo,False
pipai,False
pipia,False
pipio,False
pippa,False
pippe,False
pippi,False
pippo,False
pipra,False
pipre,False
pirla,False
pirli,False
pirlo,False
pisce,False
pisci,False
pissi,False
piste,False
pitia,False
pitie,False
pitta,False
pitte,False
pitti,False
pitto,False
piume,False
piumi,False
piumo,False
pizia,False
pizie,False
pizio,False
pizze,False
pizzi,False
placa,False
place,False
placo,False
plaga,False
plagi,False
plana,False
plani,False
plano,False
plebi,False
plica,False
ploia,False
ploie,False
plora,False
plori,False
ploro,False
ploti,False
ploto,False
plugo,False
pluvi,False
pocci,False
poche,False
podza,False
podze,False
podzi,False
podzo,False
poemi,False
poeti,False
poeto,False
pogai,False
pogge,False
poghi,False
poise,False
poker,False
polca,False
polii,False
polka,False
polke,False
polla,False
polle,False
polli,False
polpe,False
polpi,False
polsi,False
polta,False
polte,False
polve,False
polvi,False
pomai,False
pomfi,False
pomfo,False
pompe,False
pompi,False
pompo,False
ponce,False
ponci,False
ponda,False
pondi,False
pondo,False
ponfi,False
ponga,False
ponta,False
ponti,False
ponto,False
ponza,False
ponzi,False
ponzo,False
poppe,False
poppi,False
poppo,False
porca,False
porco,False
porga,False
porgi,False
porgo,False
porla,False
porle,False
porli,False
porlo,False
pormi,False
porne,False
porno,False
porri,False
porse,False
porsi,False
porte,False
porti,False
porvi,False
posca,False
possa,False
posse,False
possi,False
poste,False
posti,False
potai,False
potei,False
potta,False
potte,False
poule,False
pozze,False
pozzo,False
praho,False
prana,False
prasi,False
prati,False
prava,False
prave,False
pravi,False
pravo,False
prece,False
preci,False
preco,False
prede,False
predi,False
predo,False
prega,False
pregi,False
preli,False
prema,False
preme,False
premo,False
prese,False
presi,False
preti,False
previ,False
price,False
pride,False
prime,False
primi,False
priva,False
prive,False
privi,False
proba,False
probe,False
probi,False
proci,False
proco,False
proda,False
prodi,False
proli,False
promo,False
prona,False
prone,False
proni,False
prore,False
prose,False
prosi,False
proso,False
proti,False
proto,False
prova,False
provi,False
provo,False
prozi,False
pruda,False
prudi,False
prudo,False
pruna,False
prune,False
pruni,False
psico,False
psoco,False
psofi,False
psofo,False
ptini,False
ptino,False
ptosi,False
pucci,False
puffo,False
pugge,False
puggi,False
pugio,False
pugna,False
pugne,False
pugno,False
puina,False
puine,False
pulca,False
pulci,False
pulii,False
pulka,False
pulke,False
pulla,False
pulle,False
pulli,False
pullo,False
pulsi,False
pulso,False
punci,False
punga,False
pungi,False
pungo,False
punii,False
punse,False
punsi,False
punte,False
punto,False
puppa,False
puppi,False
puppo,False
purai,False
purea,False
puree,False
purgo,False
pussa,False
pussi,False
pusso,False
pusta,False
puste,False
putai,False
putii,False
putre,False
putri,False
putta,False
putte,False
putti,False
putto,False
puzza,False
puzze,False
puzzo,False
qasba,False
qasbe,False
qibla,False
quada,False
quade,False
quadi,False
quado,False
quali,False
quare,False
quark,False
queta,False
queto,False
quici,False
quija,False
quije,False
quiji,False
quijo,False
quina,False
quine,False
quini,False
quino,False
quita,False
quiti,False
quito,False
quivi,False
quote,False
quoti,False
quoto,False
rabbi,False
rabia,False
racca,False
racco,False
racla,False
racle,False
radia,False
radon,False
raffa,False
raffe,False
raffi,False
raffo,False
rafia,False
rafie,False
raghe,False
ragia,False
ragie,False
ragli,False
ragna,False
ragne,False
ragni,False
raiai,False
raide,False
raidi,False
raino,False
raita,False
raiti,False
raito,False
ralla,False
ralle,False
ralli,False
rallo,False
ramai,False
rambo,False
ramea,False
ramee,False
ramei,False
ramen,False
rameo,False
ramia,False
ramie,False
ramni,False
ramno,False
rampe,False
rampi,False
rampo,False
ranca,False
rance,False
ranci,False
ranco,False
rande,False
ranfi,False
range,False
ranni,False
ranno,False
rapai,False
rapii,False
rappa,False
rappe,False
rasai,False
rasce,False
raspe,False
raspi,False
rasta,False
ratea,False
ratei,False
rateo,False
ratio,False
ratta,False
ratte,False
rauco,False
razze,False
razzi,False
reali,False
reami,False
reati,False
recei,False
rechi,False
recto,False
redai,False
redii,False
reese,False
reesi,False
regga,False
regge,False
reggi,False
regie,False
regna,False
regni,False
reide,False
reidi,False
reiki,False
renai,False
renda,False
rendi,False
rendo,False
renio,False
renne,False
rensa,False
rense,False
repli,False
replo,False
requi,False
resca,False
resia,False
resie,False
respi,False
respo,False
resse,False
ressi,False
resta,False
reste,False
resti,False
retai,False
retea,False
retee,False
retei,False
reteo,False
retri,False
rette,False
retti,False
reuma,False
reumi,False
rezza,False
rezze,False
rezzi,False
rezzo,False
riale,False
riali,False
riama,False
riami,False
riamo,False
riara,False
riari,False
riaro,False
ricca,False
ricce,False
ridai,False
ridde,False
riddi,False
riddo,False
ridia,False
rieda,False
riede,False
riedi,False
riedo,False
riera,False
rieri,False
riero,False
rifai,False
riffe,False
rifui,False
rigai,False
rigge,False
righi,False
rigna,False
rigni,False
rigno,False
rimai,False
rioca,False
rioco,False
rioda,False
riode,False
riodi,False
riodo,False
rioni,False
ripii,False
risai,False
risei,False
risia,False
risii,False
risme,False
rispi,False
risse,False
rissi,False
risso,False
ritma,False
ritmo,False
ritta,False
ritte,False
ritti,False
riusa,False
riusi,False
rivai,False
rizza,False
rizze,False
rizzi,False
rizzo,False
roana,False
roane,False
roani,False
roano,False
robbi,False
rocco,False
rochi,False
rodai,False
rodei,False
rodia,False
rodie,False
rodii,False
rodio,False
roese,False
roesi,False
rogai,False
roggi,False
rogne,False
rogni,False
rogno,False
rolla,False
rolli,False
rollo,False
romba,False
rombe,False
rombi,False
romea,False
romee,False
romei,False
romeo,False
rompe,False
rompi,False
rompo,False
ronca,False
ronco,False
ronde,False
rondi,False
rondo,False
ronfe,False
ronfi,False
ronfo,False
ronza,False
ronzi,False
ronzo,False
rorai,False
rosai,False
rosee,False
rosei,False
roseo,False
rospi,False
rosse,False
rossi,False
rosso,False
rosta,False
roste,False
rosti,False
rosto,False
rotai,False
rotea,False
rotei,False
roteo,False
rotte,False
rotti,False
rotto,False
rouge,False
rovai,False
rozze,False
rozzi,False
rozzo,False
rubbi,False
rubbo,False
rubea,False
rubee,False
rubei,False
rubeo,False
rublo,False
rubra,False
rubre,False
rubri,False
rubro,False
ruche,False
ruese,False
ruesi,False
ruffa,False
ruffe,False
rugai,False
rugby,False
rughi,False
rugli,False
ruina,False
ruini,False
ruino,False
rulla,False
rulli,False
rumai,False
rumbe,False
rumme,False
rummi,False
ruoli,False
ruote,False
ruoti,False
ruoto,False
rupie,False
ruppi,False
rusca,False
rusco,False
ruspe,False
ruspi,False
ruspo,False
russa,False
russe,False
russi,False
rutta,False
rutti,False
ruzza,False
ruzze,False
ruzzi,False
saale,False
saali,False
sabbi,False
sabea,False
sabee,False
sabei,False
sabeo,False
sabia,False
sabie,False
sabii,False
sabio,False
sabra,False
sacca,False
sacia,False
sacie,False
sacio,False
sacra,False
sacri,False
sacro,False
saffo,False
sagge,False
saghi,False
sagii,False
sagna,False
sagni,False
sagno,False
sagre,False
sagri,False
sagro,False
saiga,False
saime,False
saimi,False
salai,False
salda,False
salde,False
saldi,False
salga,False
salgo,False
salii,False
salio,False
salme,False
salmi,False
salpa,False
salpe,False
salpi,False
salse,False
salsi,False
salso,False
salta,False
salti,False
salva,False
salvi,False
salvo,False
samia,False
samie,False
samii,False
samio,False
sanai,False
sanie,False
sanse,False
sante,False
santi,False
santo,False
saora,False
sapio,False
sarai,False
sarda,False
sardi,False
sardo,False
sarge,False
sargo,False
sarta,False
sarte,False
sarto,False
sassi,False
saune,False
saura,False
saure,False
sauri,False
sauro,False
savia,False
savie,False
sazia,False
sazie,False
sbafa,False
sbafi,False
sbava,False
sbavo,False
sboba,False
sbobe,False
sbora,False
sbore,False
sbovi,False
sbovo,False
sbuco,False
scada,False
scadi,False
scado,False
scafa,False
scafe,False
scafi,False
scale,False
scalo,False
scana,False
scane,False
scapa,False
scapi,False
scapo,False
scari,False
scaro,False
scasa,False
scasi,False
scaso,False
scava,False
scavi,False
sceda,False
scede,False
scema,False
sceme,False
scemo,False
scene,False
scesa,False
scese,False
scesi,False
schei,False
scifi,False
scifo,False
scipa,False
scipi,False
scipo,False
scira,False
scire,False
sciri,False
sciro,False
scita,False
scite,False
sciti,False
scoda,False
scodi,False
scodo,False
scoia,False
scoio,False
scola,False
scoli,False
scope,False
scopi,False
scora,False
score,False
scori,False
scoro,False
scota,False
scote,False
scoti,False
scoto,False
scovi,False
scovo,False
scuce,False
scuci,False
scuda,False
scudi,False
scuoi,False
scura,False
scuri,False
scuro,False
scuse,False
scusi,False
scuso,False
scuti,False
scuto,False
sdama,False
sdami,False
sdamo,False
sdare,False
sdata,False
sdate,False
sdati,False
sdato,False
sdava,False
sdavi,False
sdavo,False
sdazi,False
sdica,False
sdice,False
sdici,False
sdico,False
sdire,False
sdite,False
sdoga,False
sdogo,False
sdora,False
sdori,False
sdoro,False
sdrai,False
sduca,False
sduco,False
secai,False
secce,False
sechi,False
sedai,False
sedei,False
sedie,False
sedio,False
segai,False
segga,False
seggo,False
seghi,False
segna,False
segni,False
segua,False
segue,False
segui,False
seini,False
seino,False
selce,False
selfa,False
selfi,False
selfo,False
selle,False
selli,False
sello,False
selve,False
semai,False
senna,False
senne,False
senni,False
senoi,False
sensi,False
senta,False
sente,False
senti,False
seppe,False
sepsi,False
serba,False
serbe,False
serbi,False
seria,False
sermo,False
serpa,False
serpi,False
serpo,False
serre,False
serri,False
serti,False
serto,False
serva,False
serve,False
servo,False
sesia,False
sesie,False
sessa,False
sesse,False
sessi,False
sesta,False
seste,False
sesti,False
setti,False
sezza,False
sezze,False
sezzi,False
sezzo,False
sfama,False
sfami,False
sfare,False
sfasa,False
sfasi,False
sfaso,False
sfata,False
sfate,False
sfati,False
sfato,False
sfece,False
sfeci,False
sfere,False
sfide,False
sfidi,False
sfido,False
sfiga,False
sfili,False
sfilo,False
sfina,False
sfini,False
sfino,False
sfoca,False
sfoci,False
sfoco,False
sfoga,False
sfora,False
sfori,False
sforo,False
sfuma,False
sfumi,False
sfuri,False
sfusa,False
sfuse,False
sfusi,False
sgama,False
sgami,False
sgamo,False
sgara,False
sgari,False
sgaro,False
sgasa,False
sgasi,False
sgaso,False
sgela,False
sgeli,False
sgelo,False
sgola,False
sgoli,False
sgolo,False
sgura,False
sguri,False
sguro,False
shake,False
shara,False
share,False
shari,False
sharo,False
shina,False
shire,False
siano,False
siate,False
siche,False
sicli,False
siclo,False
sidri,False
sieda,False
siede,False
siedo,False
siepa,False
siepi,False
siepo,False
sieri,False
siete,False
sigle,False
sigli,False
siglo,False
sigmi,False
sigua,False
siici,False
siila,False
siile,False
siili,False
siilo,False
siimi,False
siine,False
siiti,False
silfi,False
silfo,False
silli,False
sillo,False
silos,False
silvi,False
sipai,False
sirma,False
sirme,False
sirte,False
sirti,False
sismi,False
sismo,False
sitai,False
sitii,False
situa,False
situi,False
situo,False
sizio,False
sizza,False
sizze,False
skate,False
skypa,False
skypi,False
skypo,False
slama,False
slami,False
slamo,False
slava,False
slave,False
slavo,False
slebi,False
slebo,False
slega,False
slice,False
slide,False
sloga,False
sluma,False
slumi,False
slumo,False
smaga,False
smagi,False
smago,False
smani,False
smela,False
smeli,False
smelo,False
smera,False
smeri,False
smero,False
smile,False
smina,False
smini,False
smino,False
smira,False
smiri,False
smiro,False
smisi,False
smoda,False
smodi,False
smodo,False
smoke,False
smova,False
smove,False
smovi,False
smovo,False
smura,False
smuri,False
smuro,False
smusa,False
smusi,False
smuso,False
snasa,False
snasi,False
snaso,False
sneva,False
snevi,False
snevo,False
snida,False
snidi,False
snido,False
snipe,False
snoda,False
snodo,False
snuda,False
snudi,False
snudo,False
soana,False
soane,False
soani,False
soano,False
soavi,False
socci,False
socco,False
socia,False
socie,False
sodai,False
sofia,False
sofie,False
soghe,False
sogli,False
sogna,False
sogni,False
solca,False
solda,False
soldo,False
solea,False
solee,False
solei,False
soleo,False
solfe,False
solfi,False
solfo,False
solgo,False
solio,False
solla,False
solle,False
solli,False
sollo,False
solta,False
solte,False
solti,False
solto,False
solva,False
solve,False
solvi,False
solvo,False
somme,False
sommi,False
somni,False
sonai,False
sonar,False
sonco,False
sonde,False
sondi,False
sondo,False
songa,False
songe,False
songi,False
songo,False
sonii,False
sonio,False
sonni,False
sopii,False
sorai,False
sorba,False
sorbe,False
sorbi,False
sorca,False
sorda,False
sorde,False
sordo,False
sorga,False
sorgi,False
sorgo,False
sorra,False
sorre,False
sorsa,False
sorse,False
sorsi,False
sorta,False
sorte,False
sorti,False
soste,False
sosti,False
sosto,False
sotho,False
sotta,False
sotti,False
sovra,False
sozio,False
sozze,False
sozzi,False
sozzo,False
spade,False
spaia,False
spaio,False
spala,False
spali,False
spalo,False
spana,False
spani,False
spano,False
spara,False
spari,False
spasa,False
spase,False
spasi,False
spaso,False
spata,False
spate,False
spati,False
spato,False
speco,False
speda,False
spedi,False
spedo,False
spela,False
speli,False
speme,False
spemi,False
spene,False
speni,False
spepa,False
spepe,False
spere,False
speri,False
spero,False
spese,False
spesi,False
speso,False
spezi,False
spiai,False
spica,False
spigo,False
spike,False
spina,False
spini,False
spino,False
spire,False
spiri,False
spiro,False
spole,False
spone,False
sponi,False
spora,False
sposa,False
spose,False
sposo,False
sprue,False
spula,False
spuli,False
spulo,False
spume,False
spumi,False
spumo,False
spura,False
spuri,False
spuro,False
sputa,False
sputi,False
stage,False
staia,False
staio,False
stame,False
stami,False
stana,False
stani,False
stano,False
stara,False
stari,False
staro,False
stasa,False
stasi,False
staso,False
stata,False
state,False
stati,False
stava,False
stavo,False
steca,False
stele,False
steli,False
steno,False
steri,False
stero,False
stese,False
stesi,False
steso,False
stibi,False
stici,False
stico,False
stiga,False
stigi,False
stigo,False
stila,False
stili,False
stilo,False
stime,False
stimi,False
stimo,False
stina,False
stini,False
stino,False
stipa,False
stipe,False
stipi,False
stipo,False
stira,False
stiri,False
stive,False
stivi,False
stivo,False
stoga,False
stogo,False
stoia,False
stoio,False
stole,False
stoma,False
stomi,False
stone,False
stoni,False
stono,False
store,False
stori,False
stria,False
strie,False
strio,False
stufa,False
stufe,False
stufi,False
stura,False
sture,False
sturi,False
stuta,False
stuti,False
stuto,False
style,False
suari,False
suave,False
suavi,False
subbi,False
subii,False
succi,False
suchi,False
sugai,False
sugga,False
sugge,False
suggi,False
suggo,False
sugne,False
suide,False
suidi,False
suina,False
suine,False
suini,False
suite,False
sulka,False
sulla,False
sulle,False
sullo,False
summa,False
summe,False
sunna,False
sunne,False
sunti,False
suole,False
suoli,False
suona,False
suoni,False
suora,False
super,False
surfa,False
surfi,False
surfo,False
surga,False
surge,False
surgi,False
surgo,False
surma,False
surra,False
surre,False
surse,False
sursi,False
surta,False
surte,False
surti,False
surto,False
susci,False
sushi,False
sussi,False
susta,False
suste,False
sutha,False
suthe,False
suthi,False
sutho,False
sutra,False
sutri,False
sutro,False
suzza,False
suzzi,False
suzzo,False
svaga,False
svani,False
svapa,False
svapi,False
svapo,False
svari,False
svasa,False
svasi,False
svela,False
sveli,False
svena,False
sveni,False
sveno,False
sveva,False
sveve,False
svevi,False
sviai,False
svina,False
svini,False
svino,False
svisa,False
svisi,False
sviso,False
svita,False
sviti,False
sviva,False
svivi,False
svivo,False
svizi,False
svola,False
svoli,False
svolo,False
svota,False
svoti,False
svoto,False
svuoi,False
swazi,False
tabla,False
tacce,False
tacci,False
taffi,False
tafia,False
tafie,False
tafii,False
tafio,False
tagga,False
taggo,False
taide,False
taidi,False
taiko,False
taina,False
taine,False
taini,False
taino,False
talee,False
talli,False
talpe,False
tamia,False
tanai,False
tanca,False
tanco,False
tanfa,False
tanfi,False
tanga,False
tange,False
tanna,False
tanni,False
tanno,False
tanta,False
tante,False
tanti,False
tappa,False
tappi,False
tarai,False
tarda,False
tarde,False
tardo,False
targo,False
tarla,False
tarli,False
tarma,False
tarmi,False
tarmo,False
tarpa,False
tarpi,False
tarsi,False
tasse,False
tassi,False
tasta,False
taste,False
tasti,False
tatti,False
tatua,False
tatui,False
taura,False
taure,False
tauri,False
tauro,False
tazze,False
tebea,False
tebee,False
tebei,False
tebeo,False
tecca,False
tedia,False
tegea,False
tegee,False
tegei,False
tegeo,False
teghe,False
teide,False
teidi,False
teina,False
teine,False
teita,False
teite,False
teiti,False
telai,False
temei,False
tempa,False
tempe,False
tempi,False
tendi,False
tendo,False
tenei,False
tenga,False
tenge,False
tenie,False
tenne,False
tenno,False
tensa,False
tense,False
tenta,False
tenti,False
tenui,False
tenza,False
tenze,False
tepee,False
teppe,False
terbi,False
terge,False
tergi,False
tergo,False
termo,False
terne,False
terni,False
terno,False
terre,False
terse,False
tersi,False
terso,False
terza,False
terze,False
terzi,False
tesai,False
tesla,False
tesle,False
tessa,False
tessi,False
tesso,False
testi,False
tetra,False
tetre,False
tetri,False
tetta,False
tette,False
tetti,False
texta,False
texte,False
texti,False
texto,False
theta,False
tiade,False
tiadi,False
tiara,False
tiare,False
tiasi,False
tiaso,False
tibie,False
tiene,False
tifai,False
tigne,False
tigni,False
tigno,False
tigra,False
tigri,False
tigro,False
tigua,False
tildi,False
tilla,False
tille,False
tilli,False
tillo,False
timpa,False
timpe,False
tinca,False
tinga,False
tinge,False
tingi,False
tingo,False
tinse,False
tinsi,False
tinte,False
tinti,False
tinto,False
tioli,False
tiolo,False
tirsi,False
tirso,False
tizia,False
tizie,False
tizzi,False
tizzo,False
tmesi,False
toast,False
tocai,False
tocco,False
tochi,False
toghi,False
tokai,False
tolde,False
tolga,False
tolgo,False
tolla,False
tolle,False
tolse,False
tolsi,False
tolte,False
tolti,False
tolto,False
tomai,False
tombe,False
tombi,False
tombo,False
tonai,False
tonde,False
tondi,False
tondo,False
tonfa,False
tonfi,False
tonia,False
tonie,False
tonni,False
tonta,False
tonte,False
tonto,False
topoi,False
toppe,False
toppi,False
toppo,False
toque,False
torbe,False
torbi,False
torbo,False
torca,False
torci,False
torco,False
tordi,False
torea,False
torei,False
toreo,False
torio,False
torli,False
torlo,False
torma,False
torna,False
torno,False
torri,False
torse,False
torsi,False
torte,False
torti,False
torva,False
torvi,False
torvo,False
tosca,False
tosco,False
tossa,False
tossi,False
tosso,False
toste,False
tosti,False
tosto,False
tozze,False
tozzi,False
tozzo,False
trace,False
traci,False
trade,False
trago,False
trame,False
trami,False
tramo,False
trana,False
trani,False
trano,False
trans,False
trapa,False
trape,False
trare,False
travi,False
trema,False
tremi,False
trena,False
treni,False
trevi,False
trevo,False
triai,False
tribi,False
tribo,False
tribu,False
triga,False
trike,False
trina,False
trine,False
trini,False
trita,False
trite,False
triti,False
trivi,False
troco,False
troia,False
troie,False
troll,False
trona,False
trone,False
troni,False
tropi,False
tropo,False
trote,False
trovi,False
trovo,False
truca,False
truce,False
truci,False
truka,False
truke,False
tsuga,False
tubai,False
tufai,False
tuffa,False
tuffi,False
tughe,False
tulio,False
tumba,False
tunna,False
tunne,False
tunni,False
tunno,False
tuona,False
tuoni,False
turai,False
turba,False
turbi,False
turbo,False
turca,False
turma,False
turme,False
turna,False
turni,False
turpi,False
tusca,False
tusco,False
tutai,False
tutor,False
tutsi,False
tutta,False
tutti,False
tutto,False
tuzia,False
tuzie,False
ubbie,False
ubera,False
ubere,False
uberi,False
ubero,False
ubica,False
ubico,False
ubini,False
ubino,False
uccia,False
uccio,False
udita,False
udite,False
uditi,False
udivi,False
udivo,False
udrai,False
udrei,False
ufizi,False
uggii,False
uggio,False
ugnai,False
ugole,False
ukase,False
ukiyo,False
ulama,False
ulani,False
ulano,False
ulema,False
ulese,False
ulesi,False
ulice,False
ulici,False
ulite,False
uliti,False
uliva,False
ulive,False
ulivi,False
ultra,False
ulule,False
ululi,False
ululo,False
umane,False
umani,False
umano,False
umata,False
umate,False
umati,False
umato,False
umbra,False
umbre,False
umbri,False
umbro,False
umica,False
umici,False
umico,False
umide,False
umidi,False
umido,False
umili,False
unari,False
unica,False
unici,False
unita,False
unite,False
uniti,False
univi,False
univo,False
unqua,False
unque,False
untai,False
upupe,False
urali,False
urati,False
urato,False
urese,False
uresi,False
urica,False
urici,False
urico,False
urine,False
urini,False
urino,False
urlii,False
urlio,False
urone,False
uroni,False
urtai,False
usaci,False
usala,False
usale,False
usali,False
usalo,False
usami,False
usane,False
usata,False
usate,False
usati,False
usava,False
usavo,False
uscii,False
usino,False
usure,False
usuri,False
usuro,False
uteri,False
utese,False
utesi,False
uvala,False
uvale,False
uvina,False
uvine,False
uvola,False
uvole,False
uvosa,False
uvose,False
uvosi,False
uvoso,False
uvula,False
uvule,False
uxori,False
vacai,False
vacci,False
vachi,False
vacua,False
vacue,False
vacui,False
vaffa,False
vagai,False
vaghi,False
vagii,False
vagli,False
vaiai,False
valga,False
valla,False
valli,False
vallo,False
valsa,False
valse,False
valsi,False
valso,False
valva,False
valve,False
vammi,False
vampa,False
vampe,False
vampi,False
vampo,False
vanai,False
vanea,False
vanei,False
vaneo,False
vango,False
vania,False
vanie,False
vanii,False
vanio,False
vanne,False
vanni,False
vanta,False
vanti,False
varai,False
varca,False
varea,False
varee,False
varia,False
vario,False
varva,False
varve,False
vasta,False
vaste,False
vasti,False
vatti,False
vauda,False
vaude,False
vecce,False
vecia,False
vecio,False
vedda,False
vegge,False
veggi,False
velia,False
velie,False
velli,False
velma,False
velme,False
venai,False
venda,False
vende,False
vendi,False
vengi,False
vengo,False
venie,False
venne,False
venni,False
venta,False
vepre,False
vepri,False
vepsa,False
vepse,False
vepsi,False
vepso,False
verbi,False
verdi,False
verge,False
vergi,False
vergo,False
verla,False
verle,False
verme,False
vermo,False
verna,False
verne,False
verni,False
verno,False
verri,False
verro,False
versa,False
verse,False
verta,False
verte,False
verti,False
verto,False
verve,False
verze,False
vesce,False
vespe,False
vessa,False
vessi,False
vesso,False
vesta,False
vesti,False
vesto,False
vetri,False
vette,False
vezzi,False
viado,False
viali,False
viari,False
vibri,False
vibro,False
vichi,False
viene,False
viera,False
viere,False
vieri,False
viero,False
vieta,False
viete,False
vieti,False
vigli,False
vigne,False
vilai,False
vilii,False
ville,False
villi,False
villo,False
vimai,False
vinca,False
vince,False
vinci,False
vinea,False
vinee,False
vinsi,False
vinta,False
vinte,False
vinto,False
violi,False
violo,False
vipla,False
viple,False
virai,False
virei,False
vireo,False
virga,False
virgo,False
virtu,False
visai,False
visco,False
vispe,False
vispi,False
vispo,False
vissi,False
viste,False
visti,False
vitae,False
vitai,False
vitro,False
vitta,False
vitte,False
vitti,False
vivai,False
vizia,False
vizza,False
vizze,False
vizzi,False
vocai,False
vochi,False
vocia,False
vocii,False
vodka,False
vogai,False
voghe,False
vogli,False
voice,False
voile,False
volca,False
volco,False
volee,False
volga,False
volgi,False
volgo,False
volli,False
volpa,False
volpi,False
volpo,False
volse,False
volsi,False
volte,False
volti,False
volva,False
volve,False
volvi,False
volvo,False
vomii,False
vorai,False
vosco,False
votai,False
votii,False
vulga,False
vulgo,False
vulve,False
vuota,False
vuote,False
vuoto,False
wakhi,False
wasca,False
wasce,False
wasci,False
wasco,False
washa,False
washe,False
washi,False
washo,False
wayaa,False
wayae,False
wayai,False
wayao,False
white,False
whiti,False
widia,False
xenia,False
xenie,False
xenon,False
xhosa,False
yagua,False
yamea,False
yamee,False
yamei,False
yameo,False
yaqui,False
yoghi,False
yucca,False
yuchi,False
yurta,False
yurte,False
zabri,False
zabro,False
zaffa,False
zaffe,False
zaffi,False
zaffo,False
zaina,False
zaine,False
zaini,False
zaire,False
zamba,False
zambo,False
zamia,False
zamie,False
zampe,False
zampi,False
zampo,False
zanca,False
zande,False
zanna,False
zanni,False
zanno,False
zappe,False
zappi,False
zappo,False
zarri,False
zarro,False
zatta,False
zatte,False
zebre,False
zebri,False
zebro,False
zecco,False
zelai,False
zenda,False
zende,False
zendi,False
zendo,False
zenit,False
zeppe,False
zeppi,False
zerbi,False
zerbo,False
zerga,False
zerge,False
zergi,False
zergo,False
zetti,False
zetto,False
zifio,False
zigai,False
zighi,False
zigna,False
zigni,False
zigno,False
zilla,False
zilli,False
zillo,False
zinca,False
zinia,False
zinie,False
zinna,False
zinne,False
zinni,False
zinno,False
ziona,False
zione,False
zioni,False
zippa,False
zippi,False
zippo,False
zirbi,False
zirbo,False
zirla,False
zirli,False
zitta,False
zitte,False
zitto,False
zizza,False
zizze,False
zoeci,False
zolfa,False
zolfi,False
zolle,False
zolli,False
zollo,False
zomba,False
zombi,False
zombo,False
zompa,False
zompi,False
zonai,False
zooma,False
zoomi,False
zoomo,False
zoppa,False
zoppe,False
zoppi,False
zoque,False
zoqui,False
zozza,False
zozzi,False
zozzo,False
zuava,False
zuave,False
zuavi,False
zuavo,False
zuffe,False
zughi,False
zumai,False
zuppe,False
zuppi,False
zuppo,False
zurla,False
zurli,False
zurlo,False
